sensor_id;sensor_type;location;lat;lon;timestamp;P1;durP1;ratioP1;P2;durP2;ratioP2
22480;SDS011;11407;56.964;-2.212;2019-06-03T00:01:00;16.37;;;3.40;;
22480;SDS011;11407;56.964;-2.212;2019-06-03T00:03:27;15.63;;;4.33;;
22480;SDS011;11407;56.964;-2.212;2019-06-03T00:05:55;21.07;;;3.90;;
22480;SDS011;11407;56.964;-2.212;2019-06-03T00:08:23;16.10;;;3.47;;
22480;SDS011;11407;56.964;-2.212;2019-06-03T00:10:50;18.97;;;4.37;;
22480;SDS011;11407;56.964;-2.212;2019-06-03T00:13:18;12.70;;;3.50;;
22480;SDS011;11407;56.964;-2.212;2019-06-03T00:15:45;19.50;;;3.47;;
22480;SDS011;11407;56.964;-2.212;2019-06-03T00:18:13;12.87;;;4.03;;
22480;SDS011;11407;56.964;-2.212;2019-06-03T00:20:41;14.97;;;3.70;;
22480;SDS011;11407;56.964;-2.212;2019-06-03T00:23:09;13.23;;;3.40;;
22480;SDS011;11407;56.964;-2.212;2019-06-03T00:25:36;16.97;;;3.57;;
22480;SDS011;11407;56.964;-2.212;2019-06-03T00:28:04;14.20;;;3.17;;
22480;SDS011;11407;56.964;-2.212;2019-06-03T00:30:32;14.17;;;3.30;;
22480;SDS011;11407;56.964;-2.212;2019-06-03T00:33:00;11.77;;;3.40;;
22480;SDS011;11407;56.964;-2.212;2019-06-03T00:35:27;15.70;;;3.00;;
22480;SDS011;11407;56.964;-2.212;2019-06-03T00:37:55;8.37;;;2.53;;
22480;SDS011;11407;56.964;-2.212;2019-06-03T00:40:22;11.67;;;2.43;;
22480;SDS011;11407;56.964;-2.212;2019-06-03T00:42:50;9.33;;;3.10;;
22480;SDS011;11407;56.964;-2.212;2019-06-03T00:45:17;10.13;;;2.67;;
22480;SDS011;11407;56.964;-2.212;2019-06-03T00:47:45;12.60;;;2.60;;
22480;SDS011;11407;56.964;-2.212;2019-06-03T00:50:13;8.47;;;2.40;;
22480;SDS011;11407;56.964;-2.212;2019-06-03T00:52:42;8.50;;;2.23;;
22480;SDS011;11407;56.964;-2.212;2019-06-03T00:55:10;7.90;;;2.53;;
22480;SDS011;11407;56.964;-2.212;2019-06-03T00:57:38;10.20;;;2.63;;
22480;SDS011;11407;56.964;-2.212;2019-06-03T01:00:07;14.23;;;2.90;;
22480;SDS011;11407;56.964;-2.212;2019-06-03T01:02:35;9.13;;;2.47;;
22480;SDS011;11407;56.964;-2.212;2019-06-03T01:05:03;10.50;;;2.30;;
22480;SDS011;11407;56.964;-2.212;2019-06-03T01:07:31;9.70;;;2.60;;
22480;SDS011;11407;56.964;-2.212;2019-06-03T01:09:59;10.93;;;2.67;;
22480;SDS011;11407;56.964;-2.212;2019-06-03T01:12:27;7.93;;;2.43;;
22480;SDS011;11407;56.964;-2.212;2019-06-03T01:14:54;12.20;;;2.73;;
22480;SDS011;11407;56.964;-2.212;2019-06-03T01:17:22;10.03;;;2.40;;
22480;SDS011;11407;56.964;-2.212;2019-06-03T01:19:50;11.07;;;2.40;;
22480;SDS011;11407;56.964;-2.212;2019-06-03T01:22:17;9.47;;;2.33;;
22480;SDS011;11407;56.964;-2.212;2019-06-03T01:24:45;7.30;;;2.17;;
22480;SDS011;11407;56.964;-2.212;2019-06-03T01:27:12;9.67;;;2.10;;
22480;SDS011;11407;56.964;-2.212;2019-06-03T01:29:40;11.70;;;2.10;;
22480;SDS011;11407;56.964;-2.212;2019-06-03T01:32:07;10.70;;;2.20;;
22480;SDS011;11407;56.964;-2.212;2019-06-03T01:34:35;8.53;;;2.27;;
22480;SDS011;11407;56.964;-2.212;2019-06-03T01:37:03;9.93;;;2.40;;
22480;SDS011;11407;56.964;-2.212;2019-06-03T01:39:30;10.23;;;2.17;;
22480;SDS011;11407;56.964;-2.212;2019-06-03T01:41:58;9.97;;;2.40;;
22480;SDS011;11407;56.964;-2.212;2019-06-03T01:44:25;6.00;;;1.80;;
22480;SDS011;11407;56.964;-2.212;2019-06-03T01:46:53;5.57;;;1.80;;
22480;SDS011;11407;56.964;-2.212;2019-06-03T01:49:20;4.53;;;1.67;;
22480;SDS011;11407;56.964;-2.212;2019-06-03T01:51:48;4.37;;;1.63;;
22480;SDS011;11407;56.964;-2.212;2019-06-03T01:54:15;3.67;;;1.73;;
22480;SDS011;11407;56.964;-2.212;2019-06-03T01:56:43;7.33;;;1.70;;
22480;SDS011;11407;56.964;-2.212;2019-06-03T01:59:10;5.20;;;1.50;;
22480;SDS011;11407;56.964;-2.212;2019-06-03T02:01:38;6.47;;;2.10;;
22480;SDS011;11407;56.964;-2.212;2019-06-03T02:04:05;5.17;;;1.50;;
22480;SDS011;11407;56.964;-2.212;2019-06-03T02:06:33;6.40;;;1.57;;
22480;SDS011;11407;56.964;-2.212;2019-06-03T02:09:00;8.33;;;1.57;;
22480;SDS011;11407;56.964;-2.212;2019-06-03T02:11:29;6.83;;;1.63;;
22480;SDS011;11407;56.964;-2.212;2019-06-03T02:13:57;4.70;;;1.37;;
22480;SDS011;11407;56.964;-2.212;2019-06-03T02:16:24;3.07;;;1.30;;
22480;SDS011;11407;56.964;-2.212;2019-06-03T02:18:52;4.53;;;1.40;;
22480;SDS011;11407;56.964;-2.212;2019-06-03T02:21:19;4.70;;;1.60;;
22480;SDS011;11407;56.964;-2.212;2019-06-03T02:23:47;6.20;;;1.77;;
22480;SDS011;11407;56.964;-2.212;2019-06-03T02:26:15;6.73;;;1.57;;
22480;SDS011;11407;56.964;-2.212;2019-06-03T02:28:42;6.80;;;1.67;;
22480;SDS011;11407;56.964;-2.212;2019-06-03T02:31:09;3.50;;;1.40;;
22480;SDS011;11407;56.964;-2.212;2019-06-03T02:33:37;3.90;;;1.20;;
22480;SDS011;11407;56.964;-2.212;2019-06-03T02:36:05;7.57;;;1.70;;
22480;SDS011;11407;56.964;-2.212;2019-06-03T02:38:32;8.00;;;2.03;;
22480;SDS011;11407;56.964;-2.212;2019-06-03T02:41:00;3.70;;;1.20;;
22480;SDS011;11407;56.964;-2.212;2019-06-03T02:43:27;5.17;;;1.47;;
22480;SDS011;11407;56.964;-2.212;2019-06-03T02:45:55;4.60;;;1.40;;
22480;SDS011;11407;56.964;-2.212;2019-06-03T02:48:22;6.77;;;1.47;;
22480;SDS011;11407;56.964;-2.212;2019-06-03T02:50:50;5.40;;;1.43;;
22480;SDS011;11407;56.964;-2.212;2019-06-03T02:53:17;7.43;;;1.47;;
22480;SDS011;11407;56.964;-2.212;2019-06-03T02:55:45;4.37;;;1.37;;
22480;SDS011;11407;56.964;-2.212;2019-06-03T02:58:12;5.40;;;1.40;;
22480;SDS011;11407;56.964;-2.212;2019-06-03T03:00:40;6.27;;;1.40;;
22480;SDS011;11407;56.964;-2.212;2019-06-03T03:03:08;2.93;;;1.30;;
22480;SDS011;11407;56.964;-2.212;2019-06-03T03:05:35;6.97;;;1.23;;
22480;SDS011;11407;56.964;-2.212;2019-06-03T03:08:08;2.90;;;1.20;;
22480;SDS011;11407;56.964;-2.212;2019-06-03T03:10:38;4.17;;;1.30;;
22480;SDS011;11407;56.964;-2.212;2019-06-03T03:13:09;5.17;;;1.50;;
22480;SDS011;11407;56.964;-2.212;2019-06-03T03:15:37;6.07;;;1.57;;
22480;SDS011;11407;56.964;-2.212;2019-06-03T03:18:06;3.93;;;1.23;;
22480;SDS011;11407;56.964;-2.212;2019-06-03T03:20:38;3.60;;;1.23;;
22480;SDS011;11407;56.964;-2.212;2019-06-03T03:23:12;3.43;;;1.30;;
22480;SDS011;11407;56.964;-2.212;2019-06-03T03:25:51;3.70;;;1.10;;
22480;SDS011;11407;56.964;-2.212;2019-06-03T03:28:20;8.50;;;1.47;;
22480;SDS011;11407;56.964;-2.212;2019-06-03T03:30:48;6.30;;;1.73;;
22480;SDS011;11407;56.964;-2.212;2019-06-03T03:33:16;5.10;;;1.50;;
22480;SDS011;11407;56.964;-2.212;2019-06-03T03:35:44;3.83;;;1.37;;
22480;SDS011;11407;56.964;-2.212;2019-06-03T03:38:12;4.33;;;1.13;;
22480;SDS011;11407;56.964;-2.212;2019-06-03T03:40:39;5.37;;;1.40;;
22480;SDS011;11407;56.964;-2.212;2019-06-03T03:43:07;5.37;;;1.53;;
22480;SDS011;11407;56.964;-2.212;2019-06-03T03:45:35;3.57;;;1.73;;
22480;SDS011;11407;56.964;-2.212;2019-06-03T03:48:02;3.17;;;1.20;;
22480;SDS011;11407;56.964;-2.212;2019-06-03T03:50:30;4.60;;;1.40;;
22480;SDS011;11407;56.964;-2.212;2019-06-03T03:52:57;2.97;;;1.00;;
22480;SDS011;11407;56.964;-2.212;2019-06-03T03:55:25;7.43;;;1.50;;
22480;SDS011;11407;56.964;-2.212;2019-06-03T03:57:52;2.83;;;0.90;;
22480;SDS011;11407;56.964;-2.212;2019-06-03T04:00:20;3.27;;;1.03;;
22480;SDS011;11407;56.964;-2.212;2019-06-03T04:02:47;1.80;;;1.00;;
22480;SDS011;11407;56.964;-2.212;2019-06-03T04:05:15;1.93;;;0.90;;
22480;SDS011;11407;56.964;-2.212;2019-06-03T04:07:42;1.90;;;1.43;;
22480;SDS011;11407;56.964;-2.212;2019-06-03T04:10:10;1.57;;;0.90;;
22480;SDS011;11407;56.964;-2.212;2019-06-03T04:12:38;1.57;;;0.70;;
22480;SDS011;11407;56.964;-2.212;2019-06-03T04:15:05;1.77;;;1.00;;
22480;SDS011;11407;56.964;-2.212;2019-06-03T04:17:33;0.70;;;0.70;;
22480;SDS011;11407;56.964;-2.212;2019-06-03T04:20:00;0.60;;;0.60;;
22480;SDS011;11407;56.964;-2.212;2019-06-03T04:22:29;0.67;;;0.67;;
22480;SDS011;11407;56.964;-2.212;2019-06-03T04:24:56;1.07;;;0.70;;
22480;SDS011;11407;56.964;-2.212;2019-06-03T04:27:24;2.93;;;0.90;;
22480;SDS011;11407;56.964;-2.212;2019-06-03T04:29:51;1.43;;;0.70;;
22480;SDS011;11407;56.964;-2.212;2019-06-03T04:32:19;1.37;;;0.70;;
22480;SDS011;11407;56.964;-2.212;2019-06-03T04:34:46;1.60;;;0.70;;
22480;SDS011;11407;56.964;-2.212;2019-06-03T04:37:14;3.50;;;1.07;;
22480;SDS011;11407;56.964;-2.212;2019-06-03T04:39:41;2.20;;;0.60;;
22480;SDS011;11407;56.964;-2.212;2019-06-03T04:42:09;1.30;;;0.70;;
22480;SDS011;11407;56.964;-2.212;2019-06-03T04:44:36;2.00;;;0.70;;
22480;SDS011;11407;56.964;-2.212;2019-06-03T04:47:04;1.77;;;0.80;;
22480;SDS011;11407;56.964;-2.212;2019-06-03T04:49:32;1.53;;;0.70;;
22480;SDS011;11407;56.964;-2.212;2019-06-03T04:51:59;1.13;;;0.67;;
22480;SDS011;11407;56.964;-2.212;2019-06-03T04:54:27;2.00;;;0.70;;
22480;SDS011;11407;56.964;-2.212;2019-06-03T04:56:54;1.70;;;0.70;;
22480;SDS011;11407;56.964;-2.212;2019-06-03T04:59:22;2.17;;;1.00;;
22480;SDS011;11407;56.964;-2.212;2019-06-03T05:01:49;2.10;;;0.80;;
22480;SDS011;11407;56.964;-2.212;2019-06-03T05:04:17;1.60;;;0.90;;
22480;SDS011;11407;56.964;-2.212;2019-06-03T05:06:44;3.07;;;0.77;;
22480;SDS011;11407;56.964;-2.212;2019-06-03T05:09:12;1.23;;;0.67;;
22480;SDS011;11407;56.964;-2.212;2019-06-03T05:11:39;1.90;;;0.80;;
22480;SDS011;11407;56.964;-2.212;2019-06-03T05:14:07;1.00;;;0.70;;
22480;SDS011;11407;56.964;-2.212;2019-06-03T05:16:34;1.27;;;0.70;;
22480;SDS011;11407;56.964;-2.212;2019-06-03T05:19:02;2.63;;;0.80;;
22480;SDS011;11407;56.964;-2.212;2019-06-03T05:21:29;1.40;;;0.70;;
22480;SDS011;11407;56.964;-2.212;2019-06-03T05:23:57;2.07;;;0.80;;
22480;SDS011;11407;56.964;-2.212;2019-06-03T05:26:25;0.97;;;0.70;;
22480;SDS011;11407;56.964;-2.212;2019-06-03T05:28:53;1.57;;;0.90;;
22480;SDS011;11407;56.964;-2.212;2019-06-03T05:31:20;2.43;;;0.80;;
22480;SDS011;11407;56.964;-2.212;2019-06-03T05:33:48;2.00;;;0.80;;
22480;SDS011;11407;56.964;-2.212;2019-06-03T05:36:15;1.23;;;0.70;;
22480;SDS011;11407;56.964;-2.212;2019-06-03T05:38:43;2.10;;;0.80;;
22480;SDS011;11407;56.964;-2.212;2019-06-03T05:41:11;2.27;;;0.70;;
22480;SDS011;11407;56.964;-2.212;2019-06-03T05:43:40;1.47;;;0.80;;
22480;SDS011;11407;56.964;-2.212;2019-06-03T05:46:08;2.37;;;0.90;;
22480;SDS011;11407;56.964;-2.212;2019-06-03T05:48:36;2.33;;;1.00;;
22480;SDS011;11407;56.964;-2.212;2019-06-03T05:51:05;3.40;;;0.97;;
22480;SDS011;11407;56.964;-2.212;2019-06-03T05:53:32;2.53;;;0.87;;
22480;SDS011;11407;56.964;-2.212;2019-06-03T05:56:00;0.70;;;0.60;;
22480;SDS011;11407;56.964;-2.212;2019-06-03T05:58:28;1.57;;;0.90;;
22480;SDS011;11407;56.964;-2.212;2019-06-03T06:00:56;1.93;;;0.83;;
22480;SDS011;11407;56.964;-2.212;2019-06-03T06:03:23;1.33;;;0.77;;
22480;SDS011;11407;56.964;-2.212;2019-06-03T06:05:51;0.70;;;0.53;;
22480;SDS011;11407;56.964;-2.212;2019-06-03T06:08:18;1.00;;;0.60;;
22480;SDS011;11407;56.964;-2.212;2019-06-03T06:10:46;0.80;;;0.70;;
22480;SDS011;11407;56.964;-2.212;2019-06-03T06:13:13;1.07;;;0.70;;
22480;SDS011;11407;56.964;-2.212;2019-06-03T06:15:41;1.47;;;0.73;;
22480;SDS011;11407;56.964;-2.212;2019-06-03T06:18:09;2.60;;;0.80;;
22480;SDS011;11407;56.964;-2.212;2019-06-03T06:20:36;1.47;;;0.90;;
22480;SDS011;11407;56.964;-2.212;2019-06-03T06:23:04;1.53;;;0.87;;
22480;SDS011;11407;56.964;-2.212;2019-06-03T06:25:31;2.77;;;0.90;;
22480;SDS011;11407;56.964;-2.212;2019-06-03T06:27:59;1.77;;;0.83;;
22480;SDS011;11407;56.964;-2.212;2019-06-03T06:30:26;2.00;;;0.80;;
22480;SDS011;11407;56.964;-2.212;2019-06-03T06:32:54;3.33;;;0.90;;
22480;SDS011;11407;56.964;-2.212;2019-06-03T06:35:22;2.50;;;0.90;;
22480;SDS011;11407;56.964;-2.212;2019-06-03T06:37:49;2.90;;;1.00;;
22480;SDS011;11407;56.964;-2.212;2019-06-03T06:40:17;1.80;;;1.00;;
22480;SDS011;11407;56.964;-2.212;2019-06-03T06:42:45;2.43;;;0.90;;
22480;SDS011;11407;56.964;-2.212;2019-06-03T06:45:12;2.60;;;1.13;;
22480;SDS011;11407;56.964;-2.212;2019-06-03T06:47:40;2.63;;;1.00;;
22480;SDS011;11407;56.964;-2.212;2019-06-03T06:50:08;3.50;;;1.10;;
22480;SDS011;11407;56.964;-2.212;2019-06-03T06:52:37;2.30;;;0.90;;
22480;SDS011;11407;56.964;-2.212;2019-06-03T06:55:07;4.50;;;0.90;;
22480;SDS011;11407;56.964;-2.212;2019-06-03T06:57:35;3.70;;;1.17;;
22480;SDS011;11407;56.964;-2.212;2019-06-03T07:00:11;3.90;;;1.17;;
22480;SDS011;11407;56.964;-2.212;2019-06-03T07:02:35;2.07;;;1.07;;
22480;SDS011;11407;56.964;-2.212;2019-06-03T07:05:03;4.63;;;1.20;;
22480;SDS011;11407;56.964;-2.212;2019-06-03T07:07:31;2.63;;;1.30;;
22480;SDS011;11407;56.964;-2.212;2019-06-03T07:09:59;3.60;;;1.20;;
22480;SDS011;11407;56.964;-2.212;2019-06-03T07:12:27;4.53;;;1.53;;
22480;SDS011;11407;56.964;-2.212;2019-06-03T07:14:54;3.20;;;1.33;;
22480;SDS011;11407;56.964;-2.212;2019-06-03T07:17:22;3.47;;;1.50;;
22480;SDS011;11407;56.964;-2.212;2019-06-03T07:19:52;4.93;;;1.40;;
22480;SDS011;11407;56.964;-2.212;2019-06-03T07:22:26;3.50;;;1.20;;
22480;SDS011;11407;56.964;-2.212;2019-06-03T07:24:56;3.23;;;1.20;;
22480;SDS011;11407;56.964;-2.212;2019-06-03T07:27:30;2.37;;;1.40;;
22480;SDS011;11407;56.964;-2.212;2019-06-03T07:29:58;7.63;;;1.57;;
22480;SDS011;11407;56.964;-2.212;2019-06-03T07:32:29;2.67;;;1.20;;
22480;SDS011;11407;56.964;-2.212;2019-06-03T07:34:56;2.47;;;1.10;;
22480;SDS011;11407;56.964;-2.212;2019-06-03T07:37:24;2.17;;;1.20;;
22480;SDS011;11407;56.964;-2.212;2019-06-03T07:39:53;4.43;;;1.53;;
22480;SDS011;11407;56.964;-2.212;2019-06-03T07:42:21;3.07;;;1.27;;
22480;SDS011;11407;56.964;-2.212;2019-06-03T07:44:48;3.43;;;1.30;;
22480;SDS011;11407;56.964;-2.212;2019-06-03T07:47:16;2.60;;;1.17;;
22480;SDS011;11407;56.964;-2.212;2019-06-03T07:49:44;4.97;;;1.60;;
22480;SDS011;11407;56.964;-2.212;2019-06-03T07:52:11;2.40;;;1.27;;
22480;SDS011;11407;56.964;-2.212;2019-06-03T07:54:39;3.83;;;1.40;;
22480;SDS011;11407;56.964;-2.212;2019-06-03T07:57:06;6.37;;;1.47;;
22480;SDS011;11407;56.964;-2.212;2019-06-03T07:59:34;3.60;;;1.40;;
22480;SDS011;11407;56.964;-2.212;2019-06-03T08:02:02;5.53;;;1.60;;
22480;SDS011;11407;56.964;-2.212;2019-06-03T08:04:30;4.13;;;1.20;;
22480;SDS011;11407;56.964;-2.212;2019-06-03T08:06:58;3.13;;;1.30;;
22480;SDS011;11407;56.964;-2.212;2019-06-03T08:09:25;3.63;;;1.60;;
22480;SDS011;11407;56.964;-2.212;2019-06-03T08:11:53;4.47;;;1.73;;
22480;SDS011;11407;56.964;-2.212;2019-06-03T08:14:20;3.37;;;1.40;;
22480;SDS011;11407;56.964;-2.212;2019-06-03T08:16:48;2.30;;;1.40;;
22480;SDS011;11407;56.964;-2.212;2019-06-03T08:19:15;3.13;;;1.50;;
22480;SDS011;11407;56.964;-2.212;2019-06-03T08:21:43;4.33;;;1.67;;
22480;SDS011;11407;56.964;-2.212;2019-06-03T08:24:10;4.67;;;1.50;;
22480;SDS011;11407;56.964;-2.212;2019-06-03T08:26:38;2.90;;;1.50;;
22480;SDS011;11407;56.964;-2.212;2019-06-03T08:29:05;3.90;;;1.87;;
22480;SDS011;11407;56.964;-2.212;2019-06-03T08:31:33;2.73;;;1.40;;
22480;SDS011;11407;56.964;-2.212;2019-06-03T08:34:00;5.70;;;1.40;;
22480;SDS011;11407;56.964;-2.212;2019-06-03T08:36:28;3.17;;;1.40;;
22480;SDS011;11407;56.964;-2.212;2019-06-03T08:38:56;6.30;;;1.50;;
22480;SDS011;11407;56.964;-2.212;2019-06-03T08:41:23;2.57;;;1.33;;
22480;SDS011;11407;56.964;-2.212;2019-06-03T08:43:51;3.63;;;1.30;;
22480;SDS011;11407;56.964;-2.212;2019-06-03T08:46:18;4.33;;;1.17;;
22480;SDS011;11407;56.964;-2.212;2019-06-03T08:48:46;2.70;;;1.23;;
22480;SDS011;11407;56.964;-2.212;2019-06-03T08:51:13;4.03;;;1.43;;
22480;SDS011;11407;56.964;-2.212;2019-06-03T08:53:41;2.97;;;1.40;;
22480;SDS011;11407;56.964;-2.212;2019-06-03T08:56:08;2.47;;;1.20;;
22480;SDS011;11407;56.964;-2.212;2019-06-03T08:58:36;2.63;;;1.17;;
22480;SDS011;11407;56.964;-2.212;2019-06-03T09:01:03;3.93;;;1.20;;
22480;SDS011;11407;56.964;-2.212;2019-06-03T09:03:31;3.03;;;1.47;;
22480;SDS011;11407;56.964;-2.212;2019-06-03T09:05:59;2.77;;;1.33;;
22480;SDS011;11407;56.964;-2.212;2019-06-03T09:08:26;3.63;;;1.30;;
22480;SDS011;11407;56.964;-2.212;2019-06-03T09:10:54;3.80;;;1.17;;
22480;SDS011;11407;56.964;-2.212;2019-06-03T09:13:21;3.00;;;1.30;;
22480;SDS011;11407;56.964;-2.212;2019-06-03T09:15:49;2.33;;;1.33;;
22480;SDS011;11407;56.964;-2.212;2019-06-03T09:18:16;3.33;;;1.00;;
22480;SDS011;11407;56.964;-2.212;2019-06-03T09:20:44;3.50;;;1.37;;
22480;SDS011;11407;56.964;-2.212;2019-06-03T09:23:11;5.00;;;1.20;;
22480;SDS011;11407;56.964;-2.212;2019-06-03T09:25:39;3.17;;;1.20;;
22480;SDS011;11407;56.964;-2.212;2019-06-03T09:28:06;2.00;;;1.10;;
22480;SDS011;11407;56.964;-2.212;2019-06-03T09:30:34;3.00;;;1.10;;
22480;SDS011;11407;56.964;-2.212;2019-06-03T09:33:02;1.63;;;0.90;;
22480;SDS011;11407;56.964;-2.212;2019-06-03T09:35:29;2.60;;;1.20;;
22480;SDS011;11407;56.964;-2.212;2019-06-03T09:37:57;1.57;;;1.00;;
22480;SDS011;11407;56.964;-2.212;2019-06-03T09:40:24;3.27;;;1.20;;
22480;SDS011;11407;56.964;-2.212;2019-06-03T09:42:52;2.27;;;1.20;;
22480;SDS011;11407;56.964;-2.212;2019-06-03T09:45:19;2.37;;;0.90;;
22480;SDS011;11407;56.964;-2.212;2019-06-03T09:47:47;3.90;;;1.20;;
22480;SDS011;11407;56.964;-2.212;2019-06-03T09:50:15;1.83;;;1.20;;
22480;SDS011;11407;56.964;-2.212;2019-06-03T09:52:43;2.23;;;0.93;;
22480;SDS011;11407;56.964;-2.212;2019-06-03T09:55:11;3.10;;;1.33;;
22480;SDS011;11407;56.964;-2.212;2019-06-03T09:57:39;2.93;;;1.30;;
22480;SDS011;11407;56.964;-2.212;2019-06-03T10:00:10;3.83;;;1.10;;
22480;SDS011;11407;56.964;-2.212;2019-06-03T10:02:43;1.20;;;1.00;;
22480;SDS011;11407;56.964;-2.212;2019-06-03T10:05:12;1.37;;;1.00;;
22480;SDS011;11407;56.964;-2.212;2019-06-03T10:07:40;4.70;;;1.27;;
22480;SDS011;11407;56.964;-2.212;2019-06-03T10:10:12;1.20;;;1.00;;
22480;SDS011;11407;56.964;-2.212;2019-06-03T10:12:38;1.87;;;1.00;;
22480;SDS011;11407;56.964;-2.212;2019-06-03T10:15:07;2.17;;;1.10;;
22480;SDS011;11407;56.964;-2.212;2019-06-03T10:17:35;1.50;;;1.10;;
22480;SDS011;11407;56.964;-2.212;2019-06-03T10:20:04;1.57;;;1.20;;
22480;SDS011;11407;56.964;-2.212;2019-06-03T10:22:33;1.27;;;1.00;;
22480;SDS011;11407;56.964;-2.212;2019-06-03T10:25:00;5.20;;;1.00;;
22480;SDS011;11407;56.964;-2.212;2019-06-03T10:27:29;2.90;;;1.20;;
22480;SDS011;11407;56.964;-2.212;2019-06-03T10:29:57;3.07;;;1.20;;
22480;SDS011;11407;56.964;-2.212;2019-06-03T10:32:25;1.87;;;0.97;;
22480;SDS011;11407;56.964;-2.212;2019-06-03T10:34:52;1.87;;;0.90;;
22480;SDS011;11407;56.964;-2.212;2019-06-03T10:37:20;1.50;;;0.90;;
22480;SDS011;11407;56.964;-2.212;2019-06-03T10:39:47;1.00;;;0.90;;
22480;SDS011;11407;56.964;-2.212;2019-06-03T10:42:15;3.90;;;1.10;;
22480;SDS011;11407;56.964;-2.212;2019-06-03T10:44:42;1.80;;;0.90;;
22480;SDS011;11407;56.964;-2.212;2019-06-03T10:47:10;2.37;;;1.07;;
22480;SDS011;11407;56.964;-2.212;2019-06-03T10:49:37;2.83;;;1.00;;
22480;SDS011;11407;56.964;-2.212;2019-06-03T10:52:05;1.40;;;1.10;;
22480;SDS011;11407;56.964;-2.212;2019-06-03T10:54:32;2.67;;;1.30;;
22480;SDS011;11407;56.964;-2.212;2019-06-03T10:57:00;4.40;;;1.10;;
22480;SDS011;11407;56.964;-2.212;2019-06-03T10:59:27;2.73;;;1.03;;
22480;SDS011;11407;56.964;-2.212;2019-06-03T11:01:55;1.50;;;0.80;;
22480;SDS011;11407;56.964;-2.212;2019-06-03T11:04:22;3.60;;;1.10;;
22480;SDS011;11407;56.964;-2.212;2019-06-03T11:06:50;2.77;;;1.13;;
22480;SDS011;11407;56.964;-2.212;2019-06-03T11:09:17;2.23;;;1.00;;
22480;SDS011;11407;56.964;-2.212;2019-06-03T11:11:45;1.53;;;1.00;;
22480;SDS011;11407;56.964;-2.212;2019-06-03T11:14:12;1.50;;;0.93;;
22480;SDS011;11407;56.964;-2.212;2019-06-03T11:16:40;1.23;;;0.97;;
22480;SDS011;11407;56.964;-2.212;2019-06-03T11:19:07;2.87;;;1.20;;
22480;SDS011;11407;56.964;-2.212;2019-06-03T11:21:35;2.10;;;0.80;;
22480;SDS011;11407;56.964;-2.212;2019-06-03T11:24:02;0.87;;;0.70;;
22480;SDS011;11407;56.964;-2.212;2019-06-03T11:26:30;1.37;;;0.83;;
22480;SDS011;11407;56.964;-2.212;2019-06-03T11:28:58;2.13;;;0.90;;
22480;SDS011;11407;56.964;-2.212;2019-06-03T11:31:25;1.80;;;0.70;;
22480;SDS011;11407;56.964;-2.212;2019-06-03T11:33:53;2.47;;;0.80;;
22480;SDS011;11407;56.964;-2.212;2019-06-03T11:36:20;1.63;;;0.80;;
22480;SDS011;11407;56.964;-2.212;2019-06-03T11:38:48;1.70;;;0.80;;
22480;SDS011;11407;56.964;-2.212;2019-06-03T11:41:15;1.20;;;0.70;;
22480;SDS011;11407;56.964;-2.212;2019-06-03T11:43:43;1.57;;;0.70;;
22480;SDS011;11407;56.964;-2.212;2019-06-03T11:46:10;1.80;;;0.93;;
22480;SDS011;11407;56.964;-2.212;2019-06-03T11:48:38;2.60;;;0.90;;
22480;SDS011;11407;56.964;-2.212;2019-06-03T11:51:05;1.33;;;0.70;;
22480;SDS011;11407;56.964;-2.212;2019-06-03T11:53:33;1.40;;;0.90;;
22480;SDS011;11407;56.964;-2.212;2019-06-03T11:56:00;1.10;;;0.80;;
22480;SDS011;11407;56.964;-2.212;2019-06-03T11:58:28;1.00;;;0.70;;
22480;SDS011;11407;56.964;-2.212;2019-06-03T12:00:57;2.07;;;0.60;;
22480;SDS011;11407;56.964;-2.212;2019-06-03T12:03:24;2.37;;;0.93;;
22480;SDS011;11407;56.964;-2.212;2019-06-03T12:05:52;1.53;;;0.73;;
22480;SDS011;11407;56.964;-2.212;2019-06-03T12:08:19;1.60;;;0.80;;
22480;SDS011;11407;56.964;-2.212;2019-06-03T12:10:47;2.80;;;0.93;;
22480;SDS011;11407;56.964;-2.212;2019-06-03T12:13:14;2.10;;;0.80;;
22480;SDS011;11407;56.964;-2.212;2019-06-03T12:15:42;1.63;;;0.90;;
22480;SDS011;11407;56.964;-2.212;2019-06-03T12:18:09;2.80;;;1.40;;
22480;SDS011;11407;56.964;-2.212;2019-06-03T12:20:37;3.17;;;0.80;;
22480;SDS011;11407;56.964;-2.212;2019-06-03T12:23:04;2.23;;;1.10;;
22480;SDS011;11407;56.964;-2.212;2019-06-03T12:25:32;2.23;;;0.80;;
22480;SDS011;11407;56.964;-2.212;2019-06-03T12:28:00;1.80;;;0.80;;
22480;SDS011;11407;56.964;-2.212;2019-06-03T12:30:27;0.80;;;0.80;;
22480;SDS011;11407;56.964;-2.212;2019-06-03T12:32:55;1.00;;;0.90;;
22480;SDS011;11407;56.964;-2.212;2019-06-03T12:35:22;1.93;;;1.00;;
22480;SDS011;11407;56.964;-2.212;2019-06-03T12:37:50;0.90;;;0.80;;
22480;SDS011;11407;56.964;-2.212;2019-06-03T12:40:17;1.83;;;0.90;;
22480;SDS011;11407;56.964;-2.212;2019-06-03T12:42:45;1.50;;;0.80;;
22480;SDS011;11407;56.964;-2.212;2019-06-03T12:45:12;1.53;;;0.90;;
22480;SDS011;11407;56.964;-2.212;2019-06-03T12:47:40;2.10;;;1.00;;
22480;SDS011;11407;56.964;-2.212;2019-06-03T12:50:08;1.80;;;0.90;;
22480;SDS011;11407;56.964;-2.212;2019-06-03T12:52:38;2.43;;;0.90;;
22480;SDS011;11407;56.964;-2.212;2019-06-03T12:55:05;3.80;;;1.10;;
22480;SDS011;11407;56.964;-2.212;2019-06-03T12:57:33;1.43;;;0.97;;
22480;SDS011;11407;56.964;-2.212;2019-06-03T13:00:01;2.23;;;0.90;;
22480;SDS011;11407;56.964;-2.212;2019-06-03T13:02:30;2.73;;;0.90;;
22480;SDS011;11407;56.964;-2.212;2019-06-03T13:04:57;2.03;;;1.00;;
22480;SDS011;11407;56.964;-2.212;2019-06-03T13:07:25;2.33;;;1.20;;
22480;SDS011;11407;56.964;-2.212;2019-06-03T13:09:52;1.63;;;1.13;;
22480;SDS011;11407;56.964;-2.212;2019-06-03T13:12:20;4.97;;;1.30;;
22480;SDS011;11407;56.964;-2.212;2019-06-03T13:14:47;2.30;;;1.07;;
22480;SDS011;11407;56.964;-2.212;2019-06-03T13:17:15;3.73;;;1.00;;
22480;SDS011;11407;56.964;-2.212;2019-06-03T13:19:42;1.90;;;1.10;;
22480;SDS011;11407;56.964;-2.212;2019-06-03T13:22:10;3.67;;;1.00;;
22480;SDS011;11407;56.964;-2.212;2019-06-03T13:24:38;1.83;;;1.00;;
22480;SDS011;11407;56.964;-2.212;2019-06-03T13:27:05;1.63;;;0.83;;
22480;SDS011;11407;56.964;-2.212;2019-06-03T13:29:33;1.43;;;0.90;;
22480;SDS011;11407;56.964;-2.212;2019-06-03T13:32:00;2.63;;;1.07;;
22480;SDS011;11407;56.964;-2.212;2019-06-03T13:34:28;2.30;;;0.90;;
22480;SDS011;11407;56.964;-2.212;2019-06-03T13:36:55;1.87;;;0.80;;
22480;SDS011;11407;56.964;-2.212;2019-06-03T13:39:23;1.70;;;1.00;;
22480;SDS011;11407;56.964;-2.212;2019-06-03T13:41:50;1.33;;;0.80;;
22480;SDS011;11407;56.964;-2.212;2019-06-03T13:44:18;2.80;;;1.00;;
22480;SDS011;11407;56.964;-2.212;2019-06-03T13:46:45;2.30;;;1.17;;
22480;SDS011;11407;56.964;-2.212;2019-06-03T13:49:13;1.70;;;1.00;;
22480;SDS011;11407;56.964;-2.212;2019-06-03T13:51:40;2.13;;;0.97;;
22480;SDS011;11407;56.964;-2.212;2019-06-03T13:54:08;2.50;;;1.10;;
22480;SDS011;11407;56.964;-2.212;2019-06-03T13:56:35;2.93;;;1.10;;
22480;SDS011;11407;56.964;-2.212;2019-06-03T13:59:03;1.17;;;0.80;;
22480;SDS011;11407;56.964;-2.212;2019-06-03T14:01:31;1.20;;;1.00;;
22480;SDS011;11407;56.964;-2.212;2019-06-03T14:03:58;1.67;;;0.97;;
22480;SDS011;11407;56.964;-2.212;2019-06-03T14:06:26;0.90;;;0.63;;
22480;SDS011;11407;56.964;-2.212;2019-06-03T14:08:53;2.83;;;0.87;;
22480;SDS011;11407;56.964;-2.212;2019-06-03T14:11:21;2.20;;;0.90;;
22480;SDS011;11407;56.964;-2.212;2019-06-03T14:13:48;1.60;;;0.80;;
22480;SDS011;11407;56.964;-2.212;2019-06-03T14:16:16;0.93;;;0.87;;
22480;SDS011;11407;56.964;-2.212;2019-06-03T14:18:43;5.00;;;1.00;;
22480;SDS011;11407;56.964;-2.212;2019-06-03T14:21:11;0.80;;;0.70;;
22480;SDS011;11407;56.964;-2.212;2019-06-03T14:23:39;1.50;;;1.00;;
22480;SDS011;11407;56.964;-2.212;2019-06-03T14:26:06;1.83;;;0.83;;
22480;SDS011;11407;56.964;-2.212;2019-06-03T14:28:34;1.97;;;0.90;;
22480;SDS011;11407;56.964;-2.212;2019-06-03T14:31:01;2.00;;;1.00;;
22480;SDS011;11407;56.964;-2.212;2019-06-03T14:33:29;0.90;;;0.80;;
22480;SDS011;11407;56.964;-2.212;2019-06-03T14:35:56;1.50;;;0.90;;
22480;SDS011;11407;56.964;-2.212;2019-06-03T14:38:24;1.80;;;0.97;;
22480;SDS011;11407;56.964;-2.212;2019-06-03T14:40:51;2.20;;;0.90;;
22480;SDS011;11407;56.964;-2.212;2019-06-03T14:43:19;1.20;;;0.83;;
22480;SDS011;11407;56.964;-2.212;2019-06-03T14:45:46;2.60;;;1.00;;
22480;SDS011;11407;56.964;-2.212;2019-06-03T14:48:14;1.23;;;1.00;;
22480;SDS011;11407;56.964;-2.212;2019-06-03T14:50:41;2.13;;;1.17;;
22480;SDS011;11407;56.964;-2.212;2019-06-03T14:53:09;1.90;;;0.80;;
22480;SDS011;11407;56.964;-2.212;2019-06-03T14:55:37;3.90;;;1.00;;
22480;SDS011;11407;56.964;-2.212;2019-06-03T14:58:04;1.43;;;0.80;;
22480;SDS011;11407;56.964;-2.212;2019-06-03T15:00:40;3.93;;;1.10;;
22480;SDS011;11407;56.964;-2.212;2019-06-03T15:03:04;1.23;;;0.90;;
22480;SDS011;11407;56.964;-2.212;2019-06-03T15:05:32;3.17;;;1.10;;
22480;SDS011;11407;56.964;-2.212;2019-06-03T15:08:00;1.37;;;0.90;;
22480;SDS011;11407;56.964;-2.212;2019-06-03T15:10:38;1.50;;;1.00;;
22480;SDS011;11407;56.964;-2.212;2019-06-03T15:13:06;2.00;;;1.07;;
22480;SDS011;11407;56.964;-2.212;2019-06-03T15:15:34;2.00;;;1.10;;
22480;SDS011;11407;56.964;-2.212;2019-06-03T15:18:03;3.53;;;1.33;;
22480;SDS011;11407;56.964;-2.212;2019-06-03T15:20:32;1.13;;;1.00;;
22480;SDS011;11407;56.964;-2.212;2019-06-03T15:23:00;1.90;;;1.10;;
22480;SDS011;11407;56.964;-2.212;2019-06-03T15:25:27;1.93;;;1.00;;
22480;SDS011;11407;56.964;-2.212;2019-06-03T15:27:55;2.57;;;0.90;;
22480;SDS011;11407;56.964;-2.212;2019-06-03T15:30:22;1.70;;;1.30;;
22480;SDS011;11407;56.964;-2.212;2019-06-03T15:32:50;1.20;;;0.90;;
22480;SDS011;11407;56.964;-2.212;2019-06-03T15:35:17;1.57;;;0.90;;
22480;SDS011;11407;56.964;-2.212;2019-06-03T15:37:45;1.13;;;0.83;;
22480;SDS011;11407;56.964;-2.212;2019-06-03T15:40:13;1.83;;;0.90;;
22480;SDS011;11407;56.964;-2.212;2019-06-03T15:42:40;1.30;;;0.90;;
22480;SDS011;11407;56.964;-2.212;2019-06-03T15:45:08;1.17;;;0.90;;
22480;SDS011;11407;56.964;-2.212;2019-06-03T15:47:36;1.67;;;0.90;;
22480;SDS011;11407;56.964;-2.212;2019-06-03T15:50:04;2.73;;;1.00;;
22480;SDS011;11407;56.964;-2.212;2019-06-03T15:52:32;2.37;;;1.10;;
22480;SDS011;11407;56.964;-2.212;2019-06-03T15:55:00;1.07;;;0.80;;
22480;SDS011;11407;56.964;-2.212;2019-06-03T15:57:28;1.47;;;1.00;;
22480;SDS011;11407;56.964;-2.212;2019-06-03T15:59:55;0.80;;;0.80;;
22480;SDS011;11407;56.964;-2.212;2019-06-03T16:02:23;1.40;;;0.90;;
22480;SDS011;11407;56.964;-2.212;2019-06-03T16:04:50;3.43;;;1.10;;
22480;SDS011;11407;56.964;-2.212;2019-06-03T16:07:18;1.10;;;1.00;;
22480;SDS011;11407;56.964;-2.212;2019-06-03T16:09:46;1.17;;;0.90;;
22480;SDS011;11407;56.964;-2.212;2019-06-03T16:12:14;1.53;;;0.90;;
22480;SDS011;11407;56.964;-2.212;2019-06-03T16:14:41;2.17;;;0.80;;
22480;SDS011;11407;56.964;-2.212;2019-06-03T16:17:09;1.07;;;0.80;;
22480;SDS011;11407;56.964;-2.212;2019-06-03T16:19:36;1.53;;;1.00;;
22480;SDS011;11407;56.964;-2.212;2019-06-03T16:22:05;1.70;;;1.00;;
22480;SDS011;11407;56.964;-2.212;2019-06-03T16:24:32;1.30;;;1.00;;
22480;SDS011;11407;56.964;-2.212;2019-06-03T16:27:00;1.20;;;1.03;;
22480;SDS011;11407;56.964;-2.212;2019-06-03T16:29:27;1.20;;;0.90;;
22480;SDS011;11407;56.964;-2.212;2019-06-03T16:31:55;1.30;;;0.90;;
22480;SDS011;11407;56.964;-2.212;2019-06-03T16:34:22;1.27;;;1.00;;
22480;SDS011;11407;56.964;-2.212;2019-06-03T16:36:50;1.17;;;0.90;;
22480;SDS011;11407;56.964;-2.212;2019-06-03T16:39:18;2.23;;;0.97;;
22480;SDS011;11407;56.964;-2.212;2019-06-03T16:41:45;1.40;;;1.00;;
22480;SDS011;11407;56.964;-2.212;2019-06-03T16:44:13;1.77;;;1.10;;
22480;SDS011;11407;56.964;-2.212;2019-06-03T16:46:40;1.50;;;1.00;;
22480;SDS011;11407;56.964;-2.212;2019-06-03T16:49:08;2.40;;;1.20;;
22480;SDS011;11407;56.964;-2.212;2019-06-03T16:51:35;1.37;;;0.90;;
22480;SDS011;11407;56.964;-2.212;2019-06-03T16:54:03;2.00;;;1.10;;
22480;SDS011;11407;56.964;-2.212;2019-06-03T16:56:30;1.53;;;1.00;;
22480;SDS011;11407;56.964;-2.212;2019-06-03T16:58:58;1.17;;;1.00;;
22480;SDS011;11407;56.964;-2.212;2019-06-03T17:01:25;5.00;;;1.40;;
22480;SDS011;11407;56.964;-2.212;2019-06-03T17:03:53;2.83;;;1.10;;
22480;SDS011;11407;56.964;-2.212;2019-06-03T17:06:20;1.87;;;1.10;;
22480;SDS011;11407;56.964;-2.212;2019-06-03T17:08:48;1.93;;;1.27;;
22480;SDS011;11407;56.964;-2.212;2019-06-03T17:11:15;1.57;;;1.10;;
22480;SDS011;11407;56.964;-2.212;2019-06-03T17:13:43;3.73;;;1.10;;
22480;SDS011;11407;56.964;-2.212;2019-06-03T17:16:11;1.33;;;1.20;;
22480;SDS011;11407;56.964;-2.212;2019-06-03T17:18:38;1.40;;;1.00;;
22480;SDS011;11407;56.964;-2.212;2019-06-03T17:21:06;1.37;;;0.93;;
22480;SDS011;11407;56.964;-2.212;2019-06-03T17:23:33;2.30;;;1.00;;
22480;SDS011;11407;56.964;-2.212;2019-06-03T17:26:01;4.07;;;1.03;;
22480;SDS011;11407;56.964;-2.212;2019-06-03T17:28:28;1.53;;;1.20;;
22480;SDS011;11407;56.964;-2.212;2019-06-03T17:30:56;1.73;;;1.27;;
22480;SDS011;11407;56.964;-2.212;2019-06-03T17:33:23;5.20;;;1.30;;
22480;SDS011;11407;56.964;-2.212;2019-06-03T17:35:51;1.50;;;1.10;;
22480;SDS011;11407;56.964;-2.212;2019-06-03T17:38:18;2.07;;;1.20;;
22480;SDS011;11407;56.964;-2.212;2019-06-03T17:40:46;1.20;;;1.10;;
22480;SDS011;11407;56.964;-2.212;2019-06-03T17:43:13;1.47;;;1.03;;
22480;SDS011;11407;56.964;-2.212;2019-06-03T17:45:41;1.33;;;0.83;;
22480;SDS011;11407;56.964;-2.212;2019-06-03T17:48:08;1.10;;;0.90;;
22480;SDS011;11407;56.964;-2.212;2019-06-03T17:50:36;0.93;;;0.80;;
22480;SDS011;11407;56.964;-2.212;2019-06-03T17:53:04;0.77;;;0.77;;
22480;SDS011;11407;56.964;-2.212;2019-06-03T17:55:31;1.03;;;0.93;;
22480;SDS011;11407;56.964;-2.212;2019-06-03T17:57:59;0.93;;;0.90;;
22480;SDS011;11407;56.964;-2.212;2019-06-03T18:00:26;0.80;;;0.80;;
22480;SDS011;11407;56.964;-2.212;2019-06-03T18:02:54;1.37;;;1.00;;
22480;SDS011;11407;56.964;-2.212;2019-06-03T18:05:21;1.10;;;1.00;;
22480;SDS011;11407;56.964;-2.212;2019-06-03T18:07:49;0.80;;;0.80;;
22480;SDS011;11407;56.964;-2.212;2019-06-03T18:10:16;1.00;;;0.90;;
22480;SDS011;11407;56.964;-2.212;2019-06-03T18:12:44;1.50;;;1.00;;
22480;SDS011;11407;56.964;-2.212;2019-06-03T18:15:12;4.53;;;1.00;;
22480;SDS011;11407;56.964;-2.212;2019-06-03T18:17:39;1.50;;;1.00;;
22480;SDS011;11407;56.964;-2.212;2019-06-03T18:20:07;1.43;;;1.00;;
22480;SDS011;11407;56.964;-2.212;2019-06-03T18:22:35;1.13;;;1.03;;
22480;SDS011;11407;56.964;-2.212;2019-06-03T18:25:06;1.83;;;1.10;;
22480;SDS011;11407;56.964;-2.212;2019-06-03T18:27:35;1.67;;;1.17;;
22480;SDS011;11407;56.964;-2.212;2019-06-03T18:30:06;1.33;;;1.07;;
22480;SDS011;11407;56.964;-2.212;2019-06-03T18:32:34;2.23;;;1.30;;
22480;SDS011;11407;56.964;-2.212;2019-06-03T18:35:02;1.67;;;1.30;;
22480;SDS011;11407;56.964;-2.212;2019-06-03T18:37:31;1.37;;;1.03;;
22480;SDS011;11407;56.964;-2.212;2019-06-03T18:39:59;1.40;;;1.10;;
22480;SDS011;11407;56.964;-2.212;2019-06-03T18:42:27;1.97;;;1.20;;
22480;SDS011;11407;56.964;-2.212;2019-06-03T18:44:54;2.43;;;1.33;;
22480;SDS011;11407;56.964;-2.212;2019-06-03T18:47:22;2.00;;;1.23;;
22480;SDS011;11407;56.964;-2.212;2019-06-03T18:49:49;1.43;;;1.20;;
22480;SDS011;11407;56.964;-2.212;2019-06-03T18:52:17;1.30;;;1.10;;
22480;SDS011;11407;56.964;-2.212;2019-06-03T18:54:44;2.40;;;1.40;;
22480;SDS011;11407;56.964;-2.212;2019-06-03T18:57:12;1.27;;;1.17;;
22480;SDS011;11407;56.964;-2.212;2019-06-03T18:59:39;2.47;;;1.20;;
22480;SDS011;11407;56.964;-2.212;2019-06-03T19:02:07;1.90;;;1.10;;
22480;SDS011;11407;56.964;-2.212;2019-06-03T19:04:35;4.33;;;1.23;;
22480;SDS011;11407;56.964;-2.212;2019-06-03T19:07:02;1.33;;;1.10;;
22480;SDS011;11407;56.964;-2.212;2019-06-03T19:09:30;1.83;;;1.10;;
22480;SDS011;11407;56.964;-2.212;2019-06-03T19:11:57;2.00;;;1.03;;
22480;SDS011;11407;56.964;-2.212;2019-06-03T19:14:25;1.67;;;1.20;;
22480;SDS011;11407;56.964;-2.212;2019-06-03T19:16:53;2.50;;;1.30;;
22480;SDS011;11407;56.964;-2.212;2019-06-03T19:19:21;1.57;;;1.00;;
22480;SDS011;11407;56.964;-2.212;2019-06-03T19:21:48;1.80;;;1.10;;
22480;SDS011;11407;56.964;-2.212;2019-06-03T19:24:16;4.57;;;1.20;;
22480;SDS011;11407;56.964;-2.212;2019-06-03T19:26:44;2.63;;;1.23;;
22480;SDS011;11407;56.964;-2.212;2019-06-03T19:29:11;1.73;;;1.30;;
22480;SDS011;11407;56.964;-2.212;2019-06-03T19:31:39;2.97;;;1.20;;
22480;SDS011;11407;56.964;-2.212;2019-06-03T19:34:06;2.47;;;1.33;;
22480;SDS011;11407;56.964;-2.212;2019-06-03T19:36:34;2.63;;;1.23;;
22480;SDS011;11407;56.964;-2.212;2019-06-03T19:39:03;3.87;;;1.43;;
22480;SDS011;11407;56.964;-2.212;2019-06-03T19:41:31;2.23;;;1.30;;
22480;SDS011;11407;56.964;-2.212;2019-06-03T19:43:59;3.20;;;1.10;;
22480;SDS011;11407;56.964;-2.212;2019-06-03T19:46:26;2.33;;;1.20;;
22480;SDS011;11407;56.964;-2.212;2019-06-03T19:48:54;3.10;;;1.40;;
22480;SDS011;11407;56.964;-2.212;2019-06-03T19:51:21;2.10;;;1.37;;
22480;SDS011;11407;56.964;-2.212;2019-06-03T19:53:49;2.23;;;1.20;;
22480;SDS011;11407;56.964;-2.212;2019-06-03T19:56:17;2.10;;;1.30;;
22480;SDS011;11407;56.964;-2.212;2019-06-03T19:58:44;4.23;;;1.40;;
22480;SDS011;11407;56.964;-2.212;2019-06-03T20:01:12;3.50;;;1.20;;
22480;SDS011;11407;56.964;-2.212;2019-06-03T20:08:32;2.27;;;1.30;;
22480;SDS011;11407;56.964;-2.212;2019-06-03T20:11:00;3.13;;;1.40;;
22480;SDS011;11407;56.964;-2.212;2019-06-03T20:13:27;4.03;;;1.67;;
22480;SDS011;11407;56.964;-2.212;2019-06-03T20:15:55;2.90;;;1.47;;
22480;SDS011;11407;56.964;-2.212;2019-06-03T20:18:22;3.70;;;1.40;;
22480;SDS011;11407;56.964;-2.212;2019-06-03T20:20:50;1.90;;;1.30;;
22480;SDS011;11407;56.964;-2.212;2019-06-03T20:23:17;2.43;;;1.40;;
22480;SDS011;11407;56.964;-2.212;2019-06-03T20:25:45;2.93;;;1.37;;
22480;SDS011;11407;56.964;-2.212;2019-06-03T20:28:12;3.57;;;1.50;;
22480;SDS011;11407;56.964;-2.212;2019-06-03T20:30:40;3.60;;;1.30;;
22480;SDS011;11407;56.964;-2.212;2019-06-03T20:33:07;2.73;;;1.30;;
22480;SDS011;11407;56.964;-2.212;2019-06-03T20:35:35;3.33;;;1.60;;
22480;SDS011;11407;56.964;-2.212;2019-06-03T20:38:03;4.13;;;1.40;;
22480;SDS011;11407;56.964;-2.212;2019-06-03T20:40:30;3.43;;;1.50;;
22480;SDS011;11407;56.964;-2.212;2019-06-03T20:42:58;3.23;;;1.50;;
22480;SDS011;11407;56.964;-2.212;2019-06-03T20:45:26;3.10;;;1.33;;
22480;SDS011;11407;56.964;-2.212;2019-06-03T20:47:53;2.20;;;1.30;;
22480;SDS011;11407;56.964;-2.212;2019-06-03T20:50:21;2.60;;;1.47;;
22480;SDS011;11407;56.964;-2.212;2019-06-03T20:52:49;4.07;;;1.60;;
22480;SDS011;11407;56.964;-2.212;2019-06-03T20:55:16;4.20;;;1.50;;
22480;SDS011;11407;56.964;-2.212;2019-06-03T20:57:44;3.37;;;1.67;;
22480;SDS011;11407;56.964;-2.212;2019-06-03T21:00:27;4.87;;;1.83;;
22480;SDS011;11407;56.964;-2.212;2019-06-03T21:02:51;2.70;;;1.50;;
22480;SDS011;11407;56.964;-2.212;2019-06-03T21:05:19;3.47;;;1.87;;
22480;SDS011;11407;56.964;-2.212;2019-06-03T21:07:46;3.87;;;1.60;;
22480;SDS011;11407;56.964;-2.212;2019-06-03T21:10:14;4.00;;;1.43;;
22480;SDS011;11407;56.964;-2.212;2019-06-03T21:12:42;3.77;;;1.57;;
22480;SDS011;11407;56.964;-2.212;2019-06-03T21:15:09;2.80;;;1.70;;
22480;SDS011;11407;56.964;-2.212;2019-06-03T21:17:37;3.10;;;1.50;;
22480;SDS011;11407;56.964;-2.212;2019-06-03T21:20:05;2.27;;;1.50;;
22480;SDS011;11407;56.964;-2.212;2019-06-03T21:22:33;4.10;;;1.60;;
22480;SDS011;11407;56.964;-2.212;2019-06-03T21:25:00;2.83;;;1.70;;
22480;SDS011;11407;56.964;-2.212;2019-06-03T21:27:29;3.43;;;1.40;;
22480;SDS011;11407;56.964;-2.212;2019-06-03T21:29:56;4.23;;;1.67;;
22480;SDS011;11407;56.964;-2.212;2019-06-03T21:32:24;3.53;;;1.60;;
22480;SDS011;11407;56.964;-2.212;2019-06-03T21:34:51;5.47;;;1.60;;
22480;SDS011;11407;56.964;-2.212;2019-06-03T21:37:19;4.27;;;1.80;;
22480;SDS011;11407;56.964;-2.212;2019-06-03T21:39:46;4.13;;;2.00;;
22480;SDS011;11407;56.964;-2.212;2019-06-03T21:42:14;5.07;;;1.77;;
22480;SDS011;11407;56.964;-2.212;2019-06-03T21:44:41;3.93;;;1.97;;
22480;SDS011;11407;56.964;-2.212;2019-06-03T21:47:09;3.93;;;1.70;;
22480;SDS011;11407;56.964;-2.212;2019-06-03T21:49:36;4.30;;;1.70;;
22480;SDS011;11407;56.964;-2.212;2019-06-03T21:52:04;4.93;;;1.87;;
22480;SDS011;11407;56.964;-2.212;2019-06-03T21:54:31;4.93;;;1.70;;
22480;SDS011;11407;56.964;-2.212;2019-06-03T21:56:59;4.67;;;2.10;;
22480;SDS011;11407;56.964;-2.212;2019-06-03T21:59:26;3.33;;;1.50;;
22480;SDS011;11407;56.964;-2.212;2019-06-03T22:01:54;4.33;;;1.60;;
22480;SDS011;11407;56.964;-2.212;2019-06-03T22:04:21;2.73;;;1.60;;
22480;SDS011;11407;56.964;-2.212;2019-06-03T22:06:49;4.53;;;1.60;;
22480;SDS011;11407;56.964;-2.212;2019-06-03T22:09:17;4.83;;;1.50;;
22480;SDS011;11407;56.964;-2.212;2019-06-03T22:11:44;3.17;;;1.50;;
22480;SDS011;11407;56.964;-2.212;2019-06-03T22:14:12;4.17;;;1.83;;
22480;SDS011;11407;56.964;-2.212;2019-06-03T22:16:39;3.87;;;1.80;;
22480;SDS011;11407;56.964;-2.212;2019-06-03T22:19:07;5.37;;;1.87;;
22480;SDS011;11407;56.964;-2.212;2019-06-03T22:21:34;4.83;;;2.00;;
22480;SDS011;11407;56.964;-2.212;2019-06-03T22:24:02;3.63;;;1.63;;
22480;SDS011;11407;56.964;-2.212;2019-06-03T22:26:29;3.07;;;1.40;;
22480;SDS011;11407;56.964;-2.212;2019-06-03T22:28:57;4.87;;;1.70;;
22480;SDS011;11407;56.964;-2.212;2019-06-03T22:31:24;6.57;;;1.67;;
22480;SDS011;11407;56.964;-2.212;2019-06-03T22:33:52;2.70;;;1.50;;
22480;SDS011;11407;56.964;-2.212;2019-06-03T22:36:19;2.53;;;1.50;;
22480;SDS011;11407;56.964;-2.212;2019-06-03T22:38:47;5.97;;;1.80;;
22480;SDS011;11407;56.964;-2.212;2019-06-03T22:41:15;6.67;;;1.87;;
22480;SDS011;11407;56.964;-2.212;2019-06-03T22:43:42;4.60;;;1.70;;
22480;SDS011;11407;56.964;-2.212;2019-06-03T22:46:10;2.27;;;1.50;;
22480;SDS011;11407;56.964;-2.212;2019-06-03T22:48:37;4.27;;;1.90;;
22480;SDS011;11407;56.964;-2.212;2019-06-03T22:51:05;4.07;;;1.87;;
22480;SDS011;11407;56.964;-2.212;2019-06-03T22:53:33;4.30;;;1.87;;
22480;SDS011;11407;56.964;-2.212;2019-06-03T22:56:00;3.97;;;1.70;;
22480;SDS011;11407;56.964;-2.212;2019-06-03T22:58:28;8.47;;;2.20;;
22480;SDS011;11407;56.964;-2.212;2019-06-03T23:00:55;3.23;;;1.70;;
22480;SDS011;11407;56.964;-2.212;2019-06-03T23:03:23;4.97;;;1.60;;
22480;SDS011;11407;56.964;-2.212;2019-06-03T23:05:50;4.93;;;1.80;;
22480;SDS011;11407;56.964;-2.212;2019-06-03T23:08:18;3.30;;;1.70;;
22480;SDS011;11407;56.964;-2.212;2019-06-03T23:10:46;3.70;;;1.60;;
22480;SDS011;11407;56.964;-2.212;2019-06-03T23:13:13;4.93;;;1.90;;
22480;SDS011;11407;56.964;-2.212;2019-06-03T23:15:41;5.53;;;2.10;;
22480;SDS011;11407;56.964;-2.212;2019-06-03T23:18:08;7.77;;;1.73;;
22480;SDS011;11407;56.964;-2.212;2019-06-03T23:20:36;3.53;;;1.83;;
22480;SDS011;11407;56.964;-2.212;2019-06-03T23:23:03;6.17;;;1.77;;
22480;SDS011;11407;56.964;-2.212;2019-06-03T23:25:31;5.20;;;1.60;;
22480;SDS011;11407;56.964;-2.212;2019-06-03T23:27:58;5.43;;;1.90;;
22480;SDS011;11407;56.964;-2.212;2019-06-03T23:30:26;2.13;;;1.47;;
22480;SDS011;11407;56.964;-2.212;2019-06-03T23:32:53;4.37;;;1.60;;
22480;SDS011;11407;56.964;-2.212;2019-06-03T23:35:21;3.80;;;1.63;;
22480;SDS011;11407;56.964;-2.212;2019-06-03T23:37:50;3.07;;;1.27;;
22480;SDS011;11407;56.964;-2.212;2019-06-03T23:40:17;2.47;;;1.50;;
22480;SDS011;11407;56.964;-2.212;2019-06-03T23:42:45;4.20;;;1.50;;
22480;SDS011;11407;56.964;-2.212;2019-06-03T23:47:43;4.40;;;1.67;;
22480;SDS011;11407;56.964;-2.212;2019-06-03T23:50:10;2.27;;;1.63;;
22480;SDS011;11407;56.964;-2.212;2019-06-03T23:52:38;4.10;;;1.70;;
22480;SDS011;11407;56.964;-2.212;2019-06-03T23:55:06;3.77;;;1.90;;
22480;SDS011;11407;56.964;-2.212;2019-06-03T23:57:33;3.27;;;1.63;;
