sensor_id;sensor_type;location;lat;lon;timestamp;temperature;humidity
24544;DHT22;12697;57.20352965;-2.28857231;2019-06-03T00:01:45;12.50;86.20
24544;DHT22;12697;57.20352965;-2.28857231;2019-06-03T00:04:15;12.50;86.30
24544;DHT22;12697;57.20352965;-2.28857231;2019-06-03T00:06:43;12.50;86.40
24544;DHT22;12697;57.20352965;-2.28857231;2019-06-03T00:09:11;12.60;86.50
24544;DHT22;12697;57.20352965;-2.28857231;2019-06-03T00:11:47;12.60;86.60
24544;DHT22;12697;57.20352965;-2.28857231;2019-06-03T00:14:12;12.60;86.40
24544;DHT22;12697;57.20352965;-2.28857231;2019-06-03T00:16:41;12.60;86.70
24544;DHT22;12697;57.20352965;-2.28857231;2019-06-03T00:19:13;12.60;86.70
24544;DHT22;12697;57.20352965;-2.28857231;2019-06-03T00:21:41;12.60;86.90
24544;DHT22;12697;57.20352965;-2.28857231;2019-06-03T00:24:13;12.60;87.00
24544;DHT22;12697;57.20352965;-2.28857231;2019-06-03T00:26:38;12.50;87.20
24544;DHT22;12697;57.20352965;-2.28857231;2019-06-03T00:29:07;12.50;87.40
24544;DHT22;12697;57.20352965;-2.28857231;2019-06-03T00:31:34;12.40;87.40
24544;DHT22;12697;57.20352965;-2.28857231;2019-06-03T00:34:02;12.40;87.60
24544;DHT22;12697;57.20352965;-2.28857231;2019-06-03T00:36:33;12.40;87.60
24544;DHT22;12697;57.20352965;-2.28857231;2019-06-03T00:39:00;12.40;87.80
24544;DHT22;12697;57.20352965;-2.28857231;2019-06-03T00:41:29;12.40;87.80
24544;DHT22;12697;57.20352965;-2.28857231;2019-06-03T00:43:57;12.40;87.60
24544;DHT22;12697;57.20352965;-2.28857231;2019-06-03T00:46:24;12.40;87.60
24544;DHT22;12697;57.20352965;-2.28857231;2019-06-03T00:48:52;12.40;87.40
24544;DHT22;12697;57.20352965;-2.28857231;2019-06-03T00:51:20;12.40;87.60
24544;DHT22;12697;57.20352965;-2.28857231;2019-06-03T00:53:47;12.40;87.20
24544;DHT22;12697;57.20352965;-2.28857231;2019-06-03T00:56:15;12.40;87.40
24544;DHT22;12697;57.20352965;-2.28857231;2019-06-03T01:01:12;12.40;87.70
24544;DHT22;12697;57.20352965;-2.28857231;2019-06-03T01:03:40;12.40;87.20
24544;DHT22;12697;57.20352965;-2.28857231;2019-06-03T01:06:08;12.40;87.10
24544;DHT22;12697;57.20352965;-2.28857231;2019-06-03T01:08:41;12.40;86.60
24544;DHT22;12697;57.20352965;-2.28857231;2019-06-03T01:11:12;12.50;86.60
24544;DHT22;12697;57.20352965;-2.28857231;2019-06-03T01:13:45;12.50;86.40
24544;DHT22;12697;57.20352965;-2.28857231;2019-06-03T01:16:14;12.40;86.10
24544;DHT22;12697;57.20352965;-2.28857231;2019-06-03T01:18:45;12.30;86.40
24544;DHT22;12697;57.20352965;-2.28857231;2019-06-03T01:21:16;12.30;86.30
24544;DHT22;12697;57.20352965;-2.28857231;2019-06-03T01:23:45;12.30;86.70
24544;DHT22;12697;57.20352965;-2.28857231;2019-06-03T01:26:13;12.30;86.60
24544;DHT22;12697;57.20352965;-2.28857231;2019-06-03T01:28:44;12.20;86.80
24544;DHT22;12697;57.20352965;-2.28857231;2019-06-03T01:31:11;12.20;86.40
24544;DHT22;12697;57.20352965;-2.28857231;2019-06-03T01:33:40;12.20;86.10
24544;DHT22;12697;57.20352965;-2.28857231;2019-06-03T01:36:07;12.30;86.00
24544;DHT22;12697;57.20352965;-2.28857231;2019-06-03T01:38:35;12.30;86.00
24544;DHT22;12697;57.20352965;-2.28857231;2019-06-03T01:41:10;12.30;85.90
24544;DHT22;12697;57.20352965;-2.28857231;2019-06-03T01:43:41;12.30;86.00
24544;DHT22;12697;57.20352965;-2.28857231;2019-06-03T01:46:17;12.30;86.20
24544;DHT22;12697;57.20352965;-2.28857231;2019-06-03T01:48:40;12.40;86.30
24544;DHT22;12697;57.20352965;-2.28857231;2019-06-03T01:51:10;12.30;86.60
24544;DHT22;12697;57.20352965;-2.28857231;2019-06-03T01:53:37;12.30;86.60
24544;DHT22;12697;57.20352965;-2.28857231;2019-06-03T01:56:10;12.30;86.90
24544;DHT22;12697;57.20352965;-2.28857231;2019-06-03T01:58:39;12.30;87.30
24544;DHT22;12697;57.20352965;-2.28857231;2019-06-03T02:01:09;12.40;87.10
24544;DHT22;12697;57.20352965;-2.28857231;2019-06-03T02:03:37;12.40;87.30
24544;DHT22;12697;57.20352965;-2.28857231;2019-06-03T02:06:08;12.40;87.70
24544;DHT22;12697;57.20352965;-2.28857231;2019-06-03T02:08:40;12.40;87.50
24544;DHT22;12697;57.20352965;-2.28857231;2019-06-03T02:11:09;12.50;87.40
24544;DHT22;12697;57.20352965;-2.28857231;2019-06-03T02:13:42;12.50;87.40
24544;DHT22;12697;57.20352965;-2.28857231;2019-06-03T02:16:10;12.50;87.80
24544;DHT22;12697;57.20352965;-2.28857231;2019-06-03T02:18:38;12.50;88.00
24544;DHT22;12697;57.20352965;-2.28857231;2019-06-03T02:21:05;12.50;87.80
24544;DHT22;12697;57.20352965;-2.28857231;2019-06-03T02:23:35;12.50;88.40
24544;DHT22;12697;57.20352965;-2.28857231;2019-06-03T02:26:02;12.50;88.20
24544;DHT22;12697;57.20352965;-2.28857231;2019-06-03T02:28:30;12.50;88.50
24544;DHT22;12697;57.20352965;-2.28857231;2019-06-03T02:30:58;12.50;88.40
24544;DHT22;12697;57.20352965;-2.28857231;2019-06-03T02:33:28;12.50;88.40
24544;DHT22;12697;57.20352965;-2.28857231;2019-06-03T02:35:55;12.50;88.50
24544;DHT22;12697;57.20352965;-2.28857231;2019-06-03T02:38:27;12.50;88.70
24544;DHT22;12697;57.20352965;-2.28857231;2019-06-03T02:40:54;12.50;89.00
24544;DHT22;12697;57.20352965;-2.28857231;2019-06-03T02:43:23;12.50;89.10
24544;DHT22;12697;57.20352965;-2.28857231;2019-06-03T02:45:51;12.50;88.90
24544;DHT22;12697;57.20352965;-2.28857231;2019-06-03T02:48:18;12.50;89.20
24544;DHT22;12697;57.20352965;-2.28857231;2019-06-03T02:50:46;12.50;89.20
24544;DHT22;12697;57.20352965;-2.28857231;2019-06-03T02:53:14;12.60;89.20
24544;DHT22;12697;57.20352965;-2.28857231;2019-06-03T02:55:42;12.60;88.90
24544;DHT22;12697;57.20352965;-2.28857231;2019-06-03T02:58:10;12.60;89.20
24544;DHT22;12697;57.20352965;-2.28857231;2019-06-03T03:00:41;12.60;89.10
24544;DHT22;12697;57.20352965;-2.28857231;2019-06-03T03:03:09;12.60;89.50
24544;DHT22;12697;57.20352965;-2.28857231;2019-06-03T03:05:42;12.60;89.10
24544;DHT22;12697;57.20352965;-2.28857231;2019-06-03T03:08:11;12.60;90.00
24544;DHT22;12697;57.20352965;-2.28857231;2019-06-03T03:10:46;12.60;89.20
24544;DHT22;12697;57.20352965;-2.28857231;2019-06-03T03:13:11;12.60;89.20
24544;DHT22;12697;57.20352965;-2.28857231;2019-06-03T03:15:41;12.60;89.50
24544;DHT22;12697;57.20352965;-2.28857231;2019-06-03T03:18:14;12.60;89.20
24544;DHT22;12697;57.20352965;-2.28857231;2019-06-03T03:20:43;12.70;89.30
24544;DHT22;12697;57.20352965;-2.28857231;2019-06-03T03:23:13;12.60;89.60
24544;DHT22;12697;57.20352965;-2.28857231;2019-06-03T03:25:50;12.60;89.30
24544;DHT22;12697;57.20352965;-2.28857231;2019-06-03T03:28:19;12.70;89.50
24544;DHT22;12697;57.20352965;-2.28857231;2019-06-03T03:30:53;12.60;89.70
24544;DHT22;12697;57.20352965;-2.28857231;2019-06-03T03:33:25;12.60;89.50
24544;DHT22;12697;57.20352965;-2.28857231;2019-06-03T03:35:53;12.60;89.90
24544;DHT22;12697;57.20352965;-2.28857231;2019-06-03T03:38:22;12.60;90.00
24544;DHT22;12697;57.20352965;-2.28857231;2019-06-03T03:40:50;12.50;90.20
24544;DHT22;12697;57.20352965;-2.28857231;2019-06-03T03:43:17;12.50;90.40
24544;DHT22;12697;57.20352965;-2.28857231;2019-06-03T03:45:45;12.50;90.40
24544;DHT22;12697;57.20352965;-2.28857231;2019-06-03T03:48:13;12.50;90.50
24544;DHT22;12697;57.20352965;-2.28857231;2019-06-03T03:50:41;12.40;90.50
24544;DHT22;12697;57.20352965;-2.28857231;2019-06-03T03:53:11;12.40;90.70
24544;DHT22;12697;57.20352965;-2.28857231;2019-06-03T03:55:42;12.30;90.90
24544;DHT22;12697;57.20352965;-2.28857231;2019-06-03T03:58:10;12.30;91.00
24544;DHT22;12697;57.20352965;-2.28857231;2019-06-03T04:00:37;12.30;91.00
24544;DHT22;12697;57.20352965;-2.28857231;2019-06-03T04:03:13;12.20;91.10
24544;DHT22;12697;57.20352965;-2.28857231;2019-06-03T04:05:43;12.20;91.10
24544;DHT22;12697;57.20352965;-2.28857231;2019-06-03T04:08:11;12.20;91.10
24544;DHT22;12697;57.20352965;-2.28857231;2019-06-03T04:10:41;12.20;91.20
24544;DHT22;12697;57.20352965;-2.28857231;2019-06-03T04:13:11;12.20;91.10
24544;DHT22;12697;57.20352965;-2.28857231;2019-06-03T04:15:38;12.20;91.10
24544;DHT22;12697;57.20352965;-2.28857231;2019-06-03T04:18:09;12.20;90.90
24544;DHT22;12697;57.20352965;-2.28857231;2019-06-03T04:20:40;12.20;91.00
24544;DHT22;12697;57.20352965;-2.28857231;2019-06-03T04:23:08;12.20;90.80
24544;DHT22;12697;57.20352965;-2.28857231;2019-06-03T04:25:43;12.20;90.80
24544;DHT22;12697;57.20352965;-2.28857231;2019-06-03T04:28:15;12.20;90.60
24544;DHT22;12697;57.20352965;-2.28857231;2019-06-03T04:30:43;12.30;90.50
24544;DHT22;12697;57.20352965;-2.28857231;2019-06-03T04:33:12;12.30;90.40
24544;DHT22;12697;57.20352965;-2.28857231;2019-06-03T04:35:40;12.30;90.50
24544;DHT22;12697;57.20352965;-2.28857231;2019-06-03T04:38:08;12.30;90.50
24544;DHT22;12697;57.20352965;-2.28857231;2019-06-03T04:40:36;12.30;90.50
24544;DHT22;12697;57.20352965;-2.28857231;2019-06-03T04:43:04;12.30;90.40
24544;DHT22;12697;57.20352965;-2.28857231;2019-06-03T04:45:32;12.40;90.20
24544;DHT22;12697;57.20352965;-2.28857231;2019-06-03T04:48:01;12.40;90.00
24544;DHT22;12697;57.20352965;-2.28857231;2019-06-03T04:50:29;12.40;90.00
24544;DHT22;12697;57.20352965;-2.28857231;2019-06-03T04:52:56;12.40;89.60
24544;DHT22;12697;57.20352965;-2.28857231;2019-06-03T04:55:24;12.50;89.60
24544;DHT22;12697;57.20352965;-2.28857231;2019-06-03T04:57:55;12.40;89.50
24544;DHT22;12697;57.20352965;-2.28857231;2019-06-03T05:00:24;12.50;89.00
24544;DHT22;12697;57.20352965;-2.28857231;2019-06-03T05:02:53;12.60;88.70
24544;DHT22;12697;57.20352965;-2.28857231;2019-06-03T05:05:21;12.60;88.20
24544;DHT22;12697;57.20352965;-2.28857231;2019-06-03T05:07:55;12.70;88.10
24544;DHT22;12697;57.20352965;-2.28857231;2019-06-03T05:10:20;12.70;87.80
24544;DHT22;12697;57.20352965;-2.28857231;2019-06-03T05:12:50;12.70;87.70
24544;DHT22;12697;57.20352965;-2.28857231;2019-06-03T05:15:19;12.80;87.80
24544;DHT22;12697;57.20352965;-2.28857231;2019-06-03T05:17:47;12.80;87.80
24544;DHT22;12697;57.20352965;-2.28857231;2019-06-03T05:20:15;12.90;87.90
24544;DHT22;12697;57.20352965;-2.28857231;2019-06-03T05:22:46;13.00;87.80
24544;DHT22;12697;57.20352965;-2.28857231;2019-06-03T05:25:14;13.00;87.50
24544;DHT22;12697;57.20352965;-2.28857231;2019-06-03T05:27:44;13.00;87.30
24544;DHT22;12697;57.20352965;-2.28857231;2019-06-03T05:30:12;13.10;86.70
24544;DHT22;12697;57.20352965;-2.28857231;2019-06-03T05:32:40;13.10;86.20
24544;DHT22;12697;57.20352965;-2.28857231;2019-06-03T05:35:09;13.10;86.50
24544;DHT22;12697;57.20352965;-2.28857231;2019-06-03T05:37:38;13.10;85.80
24544;DHT22;12697;57.20352965;-2.28857231;2019-06-03T05:40:08;13.20;86.10
24544;DHT22;12697;57.20352965;-2.28857231;2019-06-03T05:42:36;13.20;86.00
24544;DHT22;12697;57.20352965;-2.28857231;2019-06-03T05:45:05;13.10;85.50
24544;DHT22;12697;57.20352965;-2.28857231;2019-06-03T05:47:34;13.10;85.30
24544;DHT22;12697;57.20352965;-2.28857231;2019-06-03T05:50:03;13.00;85.80
24544;DHT22;12697;57.20352965;-2.28857231;2019-06-03T05:52:33;13.00;85.90
24544;DHT22;12697;57.20352965;-2.28857231;2019-06-03T05:55:05;12.90;86.10
24544;DHT22;12697;57.20352965;-2.28857231;2019-06-03T05:57:35;12.80;86.30
24544;DHT22;12697;57.20352965;-2.28857231;2019-06-03T06:00:06;12.80;86.40
24544;DHT22;12697;57.20352965;-2.28857231;2019-06-03T06:02:35;12.80;86.60
24544;DHT22;12697;57.20352965;-2.28857231;2019-06-03T06:05:04;12.80;86.70
24544;DHT22;12697;57.20352965;-2.28857231;2019-06-03T06:07:32;12.80;86.50
24544;DHT22;12697;57.20352965;-2.28857231;2019-06-03T06:10:00;12.80;86.20
24544;DHT22;12697;57.20352965;-2.28857231;2019-06-03T06:12:27;12.90;86.70
24544;DHT22;12697;57.20352965;-2.28857231;2019-06-03T06:14:56;13.00;86.00
24544;DHT22;12697;57.20352965;-2.28857231;2019-06-03T06:17:23;13.10;85.50
24544;DHT22;12697;57.20352965;-2.28857231;2019-06-03T06:19:51;13.10;85.50
24544;DHT22;12697;57.20352965;-2.28857231;2019-06-03T06:22:22;13.10;85.60
24544;DHT22;12697;57.20352965;-2.28857231;2019-06-03T06:24:50;13.10;84.90
24544;DHT22;12697;57.20352965;-2.28857231;2019-06-03T06:27:17;13.10;84.90
24544;DHT22;12697;57.20352965;-2.28857231;2019-06-03T06:29:46;13.20;85.00
24544;DHT22;12697;57.20352965;-2.28857231;2019-06-03T06:32:13;13.20;84.90
24544;DHT22;12697;57.20352965;-2.28857231;2019-06-03T06:34:41;13.30;84.30
24544;DHT22;12697;57.20352965;-2.28857231;2019-06-03T06:37:09;13.40;83.50
24544;DHT22;12697;57.20352965;-2.28857231;2019-06-03T06:39:43;13.40;83.80
24544;DHT22;12697;57.20352965;-2.28857231;2019-06-03T06:42:07;13.50;83.20
24544;DHT22;12697;57.20352965;-2.28857231;2019-06-03T06:44:35;13.50;82.60
24544;DHT22;12697;57.20352965;-2.28857231;2019-06-03T06:47:03;13.50;82.60
24544;DHT22;12697;57.20352965;-2.28857231;2019-06-03T06:49:31;13.50;83.10
24544;DHT22;12697;57.20352965;-2.28857231;2019-06-03T06:51:58;13.50;83.70
24544;DHT22;12697;57.20352965;-2.28857231;2019-06-03T06:54:26;13.50;83.30
24544;DHT22;12697;57.20352965;-2.28857231;2019-06-03T06:56:54;13.50;82.90
24544;DHT22;12697;57.20352965;-2.28857231;2019-06-03T06:59:21;13.50;84.20
24544;DHT22;12697;57.20352965;-2.28857231;2019-06-03T07:01:52;13.70;83.00
24544;DHT22;12697;57.20352965;-2.28857231;2019-06-03T07:04:20;13.70;82.80
24544;DHT22;12697;57.20352965;-2.28857231;2019-06-03T07:06:48;13.70;82.40
24544;DHT22;12697;57.20352965;-2.28857231;2019-06-03T07:09:16;13.70;82.30
24544;DHT22;12697;57.20352965;-2.28857231;2019-06-03T07:11:43;13.80;81.90
24544;DHT22;12697;57.20352965;-2.28857231;2019-06-03T07:14:11;13.80;81.50
24544;DHT22;12697;57.20352965;-2.28857231;2019-06-03T07:16:39;13.80;81.70
24544;DHT22;12697;57.20352965;-2.28857231;2019-06-03T07:19:07;13.70;81.70
24544;DHT22;12697;57.20352965;-2.28857231;2019-06-03T07:21:34;13.90;81.20
24544;DHT22;12697;57.20352965;-2.28857231;2019-06-03T07:24:02;14.00;80.40
24544;DHT22;12697;57.20352965;-2.28857231;2019-06-03T07:26:30;14.00;80.30
24544;DHT22;12697;57.20352965;-2.28857231;2019-06-03T07:28:59;14.00;80.30
24544;DHT22;12697;57.20352965;-2.28857231;2019-06-03T07:31:27;13.90;80.90
24544;DHT22;12697;57.20352965;-2.28857231;2019-06-03T07:33:55;13.90;81.80
24544;DHT22;12697;57.20352965;-2.28857231;2019-06-03T07:36:23;14.00;80.40
24544;DHT22;12697;57.20352965;-2.28857231;2019-06-03T07:38:51;14.00;80.90
24544;DHT22;12697;57.20352965;-2.28857231;2019-06-03T07:41:18;14.00;80.70
24544;DHT22;12697;57.20352965;-2.28857231;2019-06-03T07:43:46;14.00;80.30
24544;DHT22;12697;57.20352965;-2.28857231;2019-06-03T07:46:13;14.10;80.10
24544;DHT22;12697;57.20352965;-2.28857231;2019-06-03T07:48:43;14.10;79.70
24544;DHT22;12697;57.20352965;-2.28857231;2019-06-03T07:51:14;14.20;79.20
24544;DHT22;12697;57.20352965;-2.28857231;2019-06-03T07:53:39;14.40;79.30
24544;DHT22;12697;57.20352965;-2.28857231;2019-06-03T07:56:08;14.60;77.60
24544;DHT22;12697;57.20352965;-2.28857231;2019-06-03T07:58:36;14.60;76.50
24544;DHT22;12697;57.20352965;-2.28857231;2019-06-03T08:01:03;14.60;76.90
24544;DHT22;12697;57.20352965;-2.28857231;2019-06-03T08:03:31;14.70;76.50
24544;DHT22;12697;57.20352965;-2.28857231;2019-06-03T08:06:00;14.80;76.00
24544;DHT22;12697;57.20352965;-2.28857231;2019-06-03T08:08:28;14.90;75.60
24544;DHT22;12697;57.20352965;-2.28857231;2019-06-03T08:10:55;14.90;75.30
24544;DHT22;12697;57.20352965;-2.28857231;2019-06-03T08:13:23;14.90;75.30
24544;DHT22;12697;57.20352965;-2.28857231;2019-06-03T08:15:51;14.90;75.50
24544;DHT22;12697;57.20352965;-2.28857231;2019-06-03T08:18:18;14.90;75.30
24544;DHT22;12697;57.20352965;-2.28857231;2019-06-03T08:20:46;15.00;76.00
24544;DHT22;12697;57.20352965;-2.28857231;2019-06-03T08:23:14;15.10;75.60
24544;DHT22;12697;57.20352965;-2.28857231;2019-06-03T08:25:41;15.10;75.40
24544;DHT22;12697;57.20352965;-2.28857231;2019-06-03T08:28:09;15.10;75.60
24544;DHT22;12697;57.20352965;-2.28857231;2019-06-03T08:30:37;15.20;75.60
24544;DHT22;12697;57.20352965;-2.28857231;2019-06-03T08:33:05;15.40;76.40
24544;DHT22;12697;57.20352965;-2.28857231;2019-06-03T08:35:33;15.20;74.10
24544;DHT22;12697;57.20352965;-2.28857231;2019-06-03T08:38:01;15.30;75.00
24544;DHT22;12697;57.20352965;-2.28857231;2019-06-03T08:40:29;15.40;74.10
24544;DHT22;12697;57.20352965;-2.28857231;2019-06-03T08:42:56;15.40;74.10
24544;DHT22;12697;57.20352965;-2.28857231;2019-06-03T08:45:24;15.50;73.50
24544;DHT22;12697;57.20352965;-2.28857231;2019-06-03T08:47:52;15.50;74.10
24544;DHT22;12697;57.20352965;-2.28857231;2019-06-03T08:50:21;15.60;73.30
24544;DHT22;12697;57.20352965;-2.28857231;2019-06-03T08:52:49;15.70;72.40
24544;DHT22;12697;57.20352965;-2.28857231;2019-06-03T08:55:16;15.70;72.90
24544;DHT22;12697;57.20352965;-2.28857231;2019-06-03T08:57:44;15.60;72.10
24544;DHT22;12697;57.20352965;-2.28857231;2019-06-03T09:00:12;15.70;73.80
24544;DHT22;12697;57.20352965;-2.28857231;2019-06-03T09:02:40;15.80;72.60
24544;DHT22;12697;57.20352965;-2.28857231;2019-06-03T09:05:08;15.90;72.40
24544;DHT22;12697;57.20352965;-2.28857231;2019-06-03T09:07:36;16.00;71.00
24544;DHT22;12697;57.20352965;-2.28857231;2019-06-03T09:10:05;16.20;71.90
24544;DHT22;12697;57.20352965;-2.28857231;2019-06-03T09:12:33;16.30;71.10
24544;DHT22;12697;57.20352965;-2.28857231;2019-06-03T09:15:03;16.40;70.10
24544;DHT22;12697;57.20352965;-2.28857231;2019-06-03T09:17:32;16.30;69.70
24544;DHT22;12697;57.20352965;-2.28857231;2019-06-03T09:20:01;16.30;69.40
24544;DHT22;12697;57.20352965;-2.28857231;2019-06-03T09:22:28;16.40;68.70
24544;DHT22;12697;57.20352965;-2.28857231;2019-06-03T09:24:59;16.60;68.60
24544;DHT22;12697;57.20352965;-2.28857231;2019-06-03T09:27:27;16.90;65.90
24544;DHT22;12697;57.20352965;-2.28857231;2019-06-03T09:29:55;17.20;64.60
24544;DHT22;12697;57.20352965;-2.28857231;2019-06-03T09:32:23;17.30;62.30
24544;DHT22;12697;57.20352965;-2.28857231;2019-06-03T09:34:51;17.40;61.00
24544;DHT22;12697;57.20352965;-2.28857231;2019-06-03T09:37:18;17.30;61.30
24544;DHT22;12697;57.20352965;-2.28857231;2019-06-03T09:39:52;17.30;60.20
24544;DHT22;12697;57.20352965;-2.28857231;2019-06-03T09:42:19;17.50;59.20
24544;DHT22;12697;57.20352965;-2.28857231;2019-06-03T09:44:54;17.40;62.50
24544;DHT22;12697;57.20352965;-2.28857231;2019-06-03T09:47:21;17.10;62.70
24544;DHT22;12697;57.20352965;-2.28857231;2019-06-03T09:49:51;17.00;65.20
24544;DHT22;12697;57.20352965;-2.28857231;2019-06-03T09:52:18;16.90;65.00
24544;DHT22;12697;57.20352965;-2.28857231;2019-06-03T09:54:46;16.70;66.10
24544;DHT22;12697;57.20352965;-2.28857231;2019-06-03T09:57:14;17.00;66.50
24544;DHT22;12697;57.20352965;-2.28857231;2019-06-03T09:59:41;16.90;65.40
24544;DHT22;12697;57.20352965;-2.28857231;2019-06-03T10:02:12;17.00;65.00
24544;DHT22;12697;57.20352965;-2.28857231;2019-06-03T10:04:49;17.20;62.90
24544;DHT22;12697;57.20352965;-2.28857231;2019-06-03T10:07:22;17.30;62.90
24544;DHT22;12697;57.20352965;-2.28857231;2019-06-03T10:09:54;17.30;63.30
24544;DHT22;12697;57.20352965;-2.28857231;2019-06-03T10:12:18;17.30;63.60
24544;DHT22;12697;57.20352965;-2.28857231;2019-06-03T10:14:46;17.40;65.10
24544;DHT22;12697;57.20352965;-2.28857231;2019-06-03T10:17:14;17.50;62.40
24544;DHT22;12697;57.20352965;-2.28857231;2019-06-03T10:19:47;17.60;63.10
24544;DHT22;12697;57.20352965;-2.28857231;2019-06-03T10:22:14;17.80;62.70
24544;DHT22;12697;57.20352965;-2.28857231;2019-06-03T10:24:41;17.70;61.90
24544;DHT22;12697;57.20352965;-2.28857231;2019-06-03T10:27:15;17.80;63.60
24544;DHT22;12697;57.20352965;-2.28857231;2019-06-03T10:29:49;18.10;61.70
24544;DHT22;12697;57.20352965;-2.28857231;2019-06-03T10:32:23;17.80;62.80
24544;DHT22;12697;57.20352965;-2.28857231;2019-06-03T10:34:52;17.50;63.70
24544;DHT22;12697;57.20352965;-2.28857231;2019-06-03T10:37:20;17.70;63.10
24544;DHT22;12697;57.20352965;-2.28857231;2019-06-03T10:39:48;17.30;63.60
24544;DHT22;12697;57.20352965;-2.28857231;2019-06-03T10:42:17;17.20;64.60
24544;DHT22;12697;57.20352965;-2.28857231;2019-06-03T10:44:45;17.30;65.50
24544;DHT22;12697;57.20352965;-2.28857231;2019-06-03T10:47:17;17.80;64.80
24544;DHT22;12697;57.20352965;-2.28857231;2019-06-03T10:49:47;17.90;63.10
24544;DHT22;12697;57.20352965;-2.28857231;2019-06-03T10:52:13;18.00;63.00
24544;DHT22;12697;57.20352965;-2.28857231;2019-06-03T10:54:48;17.90;62.20
24544;DHT22;12697;57.20352965;-2.28857231;2019-06-03T10:57:16;18.20;61.00
24544;DHT22;12697;57.20352965;-2.28857231;2019-06-03T10:59:48;18.40;61.20
24544;DHT22;12697;57.20352965;-2.28857231;2019-06-03T11:02:15;18.40;61.70
24544;DHT22;12697;57.20352965;-2.28857231;2019-06-03T11:04:46;18.60;61.30
24544;DHT22;12697;57.20352965;-2.28857231;2019-06-03T11:07:14;18.60;61.70
24544;DHT22;12697;57.20352965;-2.28857231;2019-06-03T11:09:46;18.70;59.60
24544;DHT22;12697;57.20352965;-2.28857231;2019-06-03T11:12:11;19.00;58.30
24544;DHT22;12697;57.20352965;-2.28857231;2019-06-03T11:14:40;18.70;59.70
24544;DHT22;12697;57.20352965;-2.28857231;2019-06-03T11:17:08;18.50;58.70
24544;DHT22;12697;57.20352965;-2.28857231;2019-06-03T11:19:35;18.50;58.10
24544;DHT22;12697;57.20352965;-2.28857231;2019-06-03T11:22:03;18.40;59.60
24544;DHT22;12697;57.20352965;-2.28857231;2019-06-03T11:24:31;18.30;59.50
24544;DHT22;12697;57.20352965;-2.28857231;2019-06-03T11:26:59;18.80;59.60
24544;DHT22;12697;57.20352965;-2.28857231;2019-06-03T11:29:31;18.80;56.50
24544;DHT22;12697;57.20352965;-2.28857231;2019-06-03T11:32:01;18.90;57.00
24544;DHT22;12697;57.20352965;-2.28857231;2019-06-03T11:34:29;19.10;55.30
24544;DHT22;12697;57.20352965;-2.28857231;2019-06-03T11:37:01;18.70;55.80
24544;DHT22;12697;57.20352965;-2.28857231;2019-06-03T11:39:33;18.30;56.50
24544;DHT22;12697;57.20352965;-2.28857231;2019-06-03T11:42:01;18.10;57.10
24544;DHT22;12697;57.20352965;-2.28857231;2019-06-03T11:44:32;17.90;58.00
24544;DHT22;12697;57.20352965;-2.28857231;2019-06-03T11:46:59;18.00;58.20
24544;DHT22;12697;57.20352965;-2.28857231;2019-06-03T11:49:27;18.60;57.30
24544;DHT22;12697;57.20352965;-2.28857231;2019-06-03T11:51:57;18.60;55.30
24544;DHT22;12697;57.20352965;-2.28857231;2019-06-03T11:54:29;18.40;54.90
24544;DHT22;12697;57.20352965;-2.28857231;2019-06-03T11:56:56;18.70;55.70
24544;DHT22;12697;57.20352965;-2.28857231;2019-06-03T11:59:24;19.30;54.00
24544;DHT22;12697;57.20352965;-2.28857231;2019-06-03T12:01:52;19.50;53.50
24544;DHT22;12697;57.20352965;-2.28857231;2019-06-03T12:04:20;19.30;52.60
24544;DHT22;12697;57.20352965;-2.28857231;2019-06-03T12:06:53;19.30;53.50
24544;DHT22;12697;57.20352965;-2.28857231;2019-06-03T12:09:21;19.30;53.40
24544;DHT22;12697;57.20352965;-2.28857231;2019-06-03T12:11:48;18.60;53.70
24544;DHT22;12697;57.20352965;-2.28857231;2019-06-03T12:14:18;18.90;54.20
24544;DHT22;12697;57.20352965;-2.28857231;2019-06-03T12:16:45;19.30;51.10
24544;DHT22;12697;57.20352965;-2.28857231;2019-06-03T12:19:13;19.70;50.00
24544;DHT22;12697;57.20352965;-2.28857231;2019-06-03T12:21:48;20.10;50.40
24544;DHT22;12697;57.20352965;-2.28857231;2019-06-03T12:24:13;20.20;49.70
24544;DHT22;12697;57.20352965;-2.28857231;2019-06-03T12:26:46;20.40;49.70
24544;DHT22;12697;57.20352965;-2.28857231;2019-06-03T12:29:16;20.30;49.60
24544;DHT22;12697;57.20352965;-2.28857231;2019-06-03T12:31:48;20.00;51.30
24544;DHT22;12697;57.20352965;-2.28857231;2019-06-03T12:34:20;19.60;51.70
24544;DHT22;12697;57.20352965;-2.28857231;2019-06-03T12:36:51;19.40;53.30
24544;DHT22;12697;57.20352965;-2.28857231;2019-06-03T12:39:23;19.60;53.60
24544;DHT22;12697;57.20352965;-2.28857231;2019-06-03T12:41:48;19.50;51.30
24544;DHT22;12697;57.20352965;-2.28857231;2019-06-03T12:44:19;19.50;51.70
24544;DHT22;12697;57.20352965;-2.28857231;2019-06-03T12:46:46;19.80;51.60
24544;DHT22;12697;57.20352965;-2.28857231;2019-06-03T12:49:14;19.50;52.50
24544;DHT22;12697;57.20352965;-2.28857231;2019-06-03T12:51:44;19.20;54.60
24544;DHT22;12697;57.20352965;-2.28857231;2019-06-03T12:54:12;18.90;53.80
24544;DHT22;12697;57.20352965;-2.28857231;2019-06-03T12:56:41;19.20;55.20
24544;DHT22;12697;57.20352965;-2.28857231;2019-06-03T12:59:11;19.40;53.20
24544;DHT22;12697;57.20352965;-2.28857231;2019-06-03T13:01:38;18.90;54.20
24544;DHT22;12697;57.20352965;-2.28857231;2019-06-03T13:04:06;18.60;55.30
24544;DHT22;12697;57.20352965;-2.28857231;2019-06-03T13:06:37;18.40;57.10
24544;DHT22;12697;57.20352965;-2.28857231;2019-06-03T13:09:06;18.40;58.10
24544;DHT22;12697;57.20352965;-2.28857231;2019-06-03T13:11:34;18.50;57.00
24544;DHT22;12697;57.20352965;-2.28857231;2019-06-03T13:14:03;18.30;58.10
24544;DHT22;12697;57.20352965;-2.28857231;2019-06-03T13:16:35;18.20;58.00
24544;DHT22;12697;57.20352965;-2.28857231;2019-06-03T13:19:01;18.10;59.30
24544;DHT22;12697;57.20352965;-2.28857231;2019-06-03T13:21:28;18.10;59.60
24544;DHT22;12697;57.20352965;-2.28857231;2019-06-03T13:23:56;17.90;59.70
24544;DHT22;12697;57.20352965;-2.28857231;2019-06-03T13:26:24;17.80;59.60
24544;DHT22;12697;57.20352965;-2.28857231;2019-06-03T13:28:58;17.80;60.10
24544;DHT22;12697;57.20352965;-2.28857231;2019-06-03T13:31:41;17.80;61.20
24544;DHT22;12697;57.20352965;-2.28857231;2019-06-03T13:33:55;17.70;62.50
24544;DHT22;12697;57.20352965;-2.28857231;2019-06-03T13:36:23;17.40;64.20
24544;DHT22;12697;57.20352965;-2.28857231;2019-06-03T13:38:51;17.30;66.00
24544;DHT22;12697;57.20352965;-2.28857231;2019-06-03T13:41:18;17.40;62.30
24544;DHT22;12697;57.20352965;-2.28857231;2019-06-03T13:43:46;17.60;60.50
24544;DHT22;12697;57.20352965;-2.28857231;2019-06-03T13:46:14;17.70;59.10
24544;DHT22;12697;57.20352965;-2.28857231;2019-06-03T13:48:41;17.50;60.40
24544;DHT22;12697;57.20352965;-2.28857231;2019-06-03T13:51:09;17.70;60.50
24544;DHT22;12697;57.20352965;-2.28857231;2019-06-03T13:53:37;18.00;60.60
24544;DHT22;12697;57.20352965;-2.28857231;2019-06-03T13:56:05;17.90;60.00
24544;DHT22;12697;57.20352965;-2.28857231;2019-06-03T13:58:33;18.50;59.80
24544;DHT22;12697;57.20352965;-2.28857231;2019-06-03T14:01:00;18.60;57.70
24544;DHT22;12697;57.20352965;-2.28857231;2019-06-03T14:03:28;18.60;58.90
24544;DHT22;12697;57.20352965;-2.28857231;2019-06-03T14:05:56;18.50;57.20
24544;DHT22;12697;57.20352965;-2.28857231;2019-06-03T14:08:28;18.60;59.40
24544;DHT22;12697;57.20352965;-2.28857231;2019-06-03T14:11:01;18.20;57.00
24544;DHT22;12697;57.20352965;-2.28857231;2019-06-03T14:13:26;18.20;57.40
24544;DHT22;12697;57.20352965;-2.28857231;2019-06-03T14:16:00;18.40;58.90
24544;DHT22;12697;57.20352965;-2.28857231;2019-06-03T14:18:24;18.50;58.80
24544;DHT22;12697;57.20352965;-2.28857231;2019-06-03T14:20:52;18.40;59.20
24544;DHT22;12697;57.20352965;-2.28857231;2019-06-03T14:23:20;18.30;59.20
24544;DHT22;12697;57.20352965;-2.28857231;2019-06-03T14:25:51;18.30;59.60
24544;DHT22;12697;57.20352965;-2.28857231;2019-06-03T14:28:19;18.30;59.10
24544;DHT22;12697;57.20352965;-2.28857231;2019-06-03T14:30:47;18.50;59.00
24544;DHT22;12697;57.20352965;-2.28857231;2019-06-03T14:33:14;18.50;59.10
24544;DHT22;12697;57.20352965;-2.28857231;2019-06-03T14:35:42;18.60;58.60
24544;DHT22;12697;57.20352965;-2.28857231;2019-06-03T14:38:13;18.70;58.50
24544;DHT22;12697;57.20352965;-2.28857231;2019-06-03T14:40:41;19.00;57.70
24544;DHT22;12697;57.20352965;-2.28857231;2019-06-03T14:43:12;19.10;56.40
24544;DHT22;12697;57.20352965;-2.28857231;2019-06-03T14:45:40;19.30;57.50
24544;DHT22;12697;57.20352965;-2.28857231;2019-06-03T14:48:08;19.40;55.30
24544;DHT22;12697;57.20352965;-2.28857231;2019-06-03T14:50:38;19.60;54.70
24544;DHT22;12697;57.20352965;-2.28857231;2019-06-03T14:53:06;19.70;54.30
24544;DHT22;12697;57.20352965;-2.28857231;2019-06-03T14:55:34;19.90;53.00
24544;DHT22;12697;57.20352965;-2.28857231;2019-06-03T14:58:01;19.80;52.40
24544;DHT22;12697;57.20352965;-2.28857231;2019-06-03T15:00:44;19.90;51.40
24544;DHT22;12697;57.20352965;-2.28857231;2019-06-03T15:03:11;19.80;50.70
24544;DHT22;12697;57.20352965;-2.28857231;2019-06-03T15:05:44;19.70;51.70
24544;DHT22;12697;57.20352965;-2.28857231;2019-06-03T15:08:12;20.30;51.90
24544;DHT22;12697;57.20352965;-2.28857231;2019-06-03T15:10:42;20.60;49.20
24544;DHT22;12697;57.20352965;-2.28857231;2019-06-03T15:13:10;20.80;48.60
24544;DHT22;12697;57.20352965;-2.28857231;2019-06-03T15:15:39;20.90;50.90
24544;DHT22;12697;57.20352965;-2.28857231;2019-06-03T15:18:07;21.10;50.50
24544;DHT22;12697;57.20352965;-2.28857231;2019-06-03T15:20:35;20.70;51.00
24544;DHT22;12697;57.20352965;-2.28857231;2019-06-03T15:23:03;20.40;51.60
24544;DHT22;12697;57.20352965;-2.28857231;2019-06-03T15:25:33;19.90;52.80
24544;DHT22;12697;57.20352965;-2.28857231;2019-06-03T15:28:00;19.40;53.10
24544;DHT22;12697;57.20352965;-2.28857231;2019-06-03T15:30:30;19.40;53.20
24544;DHT22;12697;57.20352965;-2.28857231;2019-06-03T15:32:59;19.30;53.30
24544;DHT22;12697;57.20352965;-2.28857231;2019-06-03T15:35:30;19.30;52.90
24544;DHT22;12697;57.20352965;-2.28857231;2019-06-03T15:38:00;19.40;53.50
24544;DHT22;12697;57.20352965;-2.28857231;2019-06-03T15:40:31;19.10;52.00
24544;DHT22;12697;57.20352965;-2.28857231;2019-06-03T15:43:02;19.00;53.50
24544;DHT22;12697;57.20352965;-2.28857231;2019-06-03T15:45:32;19.30;52.60
24544;DHT22;12697;57.20352965;-2.28857231;2019-06-03T15:48:00;19.40;51.30
24544;DHT22;12697;57.20352965;-2.28857231;2019-06-03T15:50:29;19.60;50.40
24544;DHT22;12697;57.20352965;-2.28857231;2019-06-03T15:52:56;19.70;49.60
24544;DHT22;12697;57.20352965;-2.28857231;2019-06-03T15:55:27;19.60;50.50
24544;DHT22;12697;57.20352965;-2.28857231;2019-06-03T15:57:53;19.60;50.60
24544;DHT22;12697;57.20352965;-2.28857231;2019-06-03T16:00:22;19.60;49.90
24544;DHT22;12697;57.20352965;-2.28857231;2019-06-03T16:02:50;19.60;49.90
24544;DHT22;12697;57.20352965;-2.28857231;2019-06-03T16:05:21;19.70;49.50
24544;DHT22;12697;57.20352965;-2.28857231;2019-06-03T16:07:48;20.00;49.40
24544;DHT22;12697;57.20352965;-2.28857231;2019-06-03T16:10:16;19.80;47.60
24544;DHT22;12697;57.20352965;-2.28857231;2019-06-03T16:12:44;19.90;48.20
24544;DHT22;12697;57.20352965;-2.28857231;2019-06-03T16:15:12;19.70;49.40
24544;DHT22;12697;57.20352965;-2.28857231;2019-06-03T16:17:43;19.60;49.90
24544;DHT22;12697;57.20352965;-2.28857231;2019-06-03T16:20:11;19.40;49.30
24544;DHT22;12697;57.20352965;-2.28857231;2019-06-03T16:22:39;19.10;49.90
24544;DHT22;12697;57.20352965;-2.28857231;2019-06-03T16:25:07;18.90;50.50
24544;DHT22;12697;57.20352965;-2.28857231;2019-06-03T16:27:35;18.80;50.40
24544;DHT22;12697;57.20352965;-2.28857231;2019-06-03T16:30:08;18.60;50.60
24544;DHT22;12697;57.20352965;-2.28857231;2019-06-03T16:32:37;18.70;51.30
24544;DHT22;12697;57.20352965;-2.28857231;2019-06-03T16:35:08;19.00;50.20
24544;DHT22;12697;57.20352965;-2.28857231;2019-06-03T16:40:22;18.70;52.00
24544;DHT22;12697;57.20352965;-2.28857231;2019-06-03T16:42:50;18.70;52.00
24544;DHT22;12697;57.20352965;-2.28857231;2019-06-03T16:45:18;18.40;52.80
24544;DHT22;12697;57.20352965;-2.28857231;2019-06-03T16:47:46;18.40;52.80
24544;DHT22;12697;57.20352965;-2.28857231;2019-06-03T16:50:14;18.00;54.10
24544;DHT22;12697;57.20352965;-2.28857231;2019-06-03T16:52:43;18.00;54.90
24544;DHT22;12697;57.20352965;-2.28857231;2019-06-03T16:55:11;18.00;54.30
24544;DHT22;12697;57.20352965;-2.28857231;2019-06-03T16:57:38;17.70;55.40
24544;DHT22;12697;57.20352965;-2.28857231;2019-06-03T17:00:08;17.60;55.20
24544;DHT22;12697;57.20352965;-2.28857231;2019-06-03T17:02:35;17.50;56.30
24544;DHT22;12697;57.20352965;-2.28857231;2019-06-03T17:05:09;17.70;56.30
24544;DHT22;12697;57.20352965;-2.28857231;2019-06-03T17:07:33;17.70;56.80
24544;DHT22;12697;57.20352965;-2.28857231;2019-06-03T17:10:04;18.00;56.00
24544;DHT22;12697;57.20352965;-2.28857231;2019-06-03T17:12:31;18.20;53.80
24544;DHT22;12697;57.20352965;-2.28857231;2019-06-03T17:14:59;18.30;53.60
24544;DHT22;12697;57.20352965;-2.28857231;2019-06-03T17:17:29;18.20;53.60
24544;DHT22;12697;57.20352965;-2.28857231;2019-06-03T17:19:56;18.40;53.60
24544;DHT22;12697;57.20352965;-2.28857231;2019-06-03T17:22:24;18.70;53.30
24544;DHT22;12697;57.20352965;-2.28857231;2019-06-03T17:24:52;19.00;52.30
24544;DHT22;12697;57.20352965;-2.28857231;2019-06-03T17:27:19;19.20;52.50
24544;DHT22;12697;57.20352965;-2.28857231;2019-06-03T17:29:47;19.00;52.10
24544;DHT22;12697;57.20352965;-2.28857231;2019-06-03T17:32:15;19.00;52.60
24544;DHT22;12697;57.20352965;-2.28857231;2019-06-03T17:34:42;18.60;52.80
24544;DHT22;12697;57.20352965;-2.28857231;2019-06-03T17:37:10;18.70;53.50
24544;DHT22;12697;57.20352965;-2.28857231;2019-06-03T17:39:37;18.30;53.70
24544;DHT22;12697;57.20352965;-2.28857231;2019-06-03T17:42:05;18.30;54.30
24544;DHT22;12697;57.20352965;-2.28857231;2019-06-03T17:44:33;18.10;55.20
24544;DHT22;12697;57.20352965;-2.28857231;2019-06-03T17:47:04;18.10;54.70
24544;DHT22;12697;57.20352965;-2.28857231;2019-06-03T17:49:32;18.00;54.80
24544;DHT22;12697;57.20352965;-2.28857231;2019-06-03T17:52:00;17.80;55.50
24544;DHT22;12697;57.20352965;-2.28857231;2019-06-03T17:54:28;17.60;55.60
24544;DHT22;12697;57.20352965;-2.28857231;2019-06-03T17:56:55;17.60;56.00
24544;DHT22;12697;57.20352965;-2.28857231;2019-06-03T17:59:23;17.70;55.50
24544;DHT22;12697;57.20352965;-2.28857231;2019-06-03T18:01:51;17.60;55.20
24544;DHT22;12697;57.20352965;-2.28857231;2019-06-03T18:04:18;17.60;54.90
24544;DHT22;12697;57.20352965;-2.28857231;2019-06-03T18:06:46;17.30;55.90
24544;DHT22;12697;57.20352965;-2.28857231;2019-06-03T18:09:13;17.40;56.60
24544;DHT22;12697;57.20352965;-2.28857231;2019-06-03T18:11:41;17.40;56.60
24544;DHT22;12697;57.20352965;-2.28857231;2019-06-03T18:14:09;17.20;56.90
24544;DHT22;12697;57.20352965;-2.28857231;2019-06-03T18:16:37;17.20;56.30
24544;DHT22;12697;57.20352965;-2.28857231;2019-06-03T18:19:04;17.30;56.70
24544;DHT22;12697;57.20352965;-2.28857231;2019-06-03T18:21:32;17.30;56.90
24544;DHT22;12697;57.20352965;-2.28857231;2019-06-03T18:23:59;17.30;56.50
24544;DHT22;12697;57.20352965;-2.28857231;2019-06-03T18:26:29;17.20;56.20
24544;DHT22;12697;57.20352965;-2.28857231;2019-06-03T18:28:56;17.00;56.70
24544;DHT22;12697;57.20352965;-2.28857231;2019-06-03T18:31:24;16.90;56.30
24544;DHT22;12697;57.20352965;-2.28857231;2019-06-03T18:33:52;16.90;56.50
24544;DHT22;12697;57.20352965;-2.28857231;2019-06-03T18:36:19;16.70;56.30
24544;DHT22;12697;57.20352965;-2.28857231;2019-06-03T18:38:49;16.70;56.30
24544;DHT22;12697;57.20352965;-2.28857231;2019-06-03T18:41:19;16.60;56.40
24544;DHT22;12697;57.20352965;-2.28857231;2019-06-03T18:43:47;16.40;56.60
24544;DHT22;12697;57.20352965;-2.28857231;2019-06-03T18:46:15;16.30;57.20
24544;DHT22;12697;57.20352965;-2.28857231;2019-06-03T18:48:42;16.40;57.60
24544;DHT22;12697;57.20352965;-2.28857231;2019-06-03T18:51:10;16.40;58.10
24544;DHT22;12697;57.20352965;-2.28857231;2019-06-03T18:53:38;16.20;57.30
24544;DHT22;12697;57.20352965;-2.28857231;2019-06-03T18:56:05;16.10;58.10
24544;DHT22;12697;57.20352965;-2.28857231;2019-06-03T18:58:33;16.10;58.00
24544;DHT22;12697;57.20352965;-2.28857231;2019-06-03T19:01:01;16.00;57.90
24544;DHT22;12697;57.20352965;-2.28857231;2019-06-03T19:03:30;15.90;58.30
24544;DHT22;12697;57.20352965;-2.28857231;2019-06-03T19:05:58;15.90;57.90
24544;DHT22;12697;57.20352965;-2.28857231;2019-06-03T19:08:26;15.80;58.60
24544;DHT22;12697;57.20352965;-2.28857231;2019-06-03T19:10:56;15.90;58.70
24544;DHT22;12697;57.20352965;-2.28857231;2019-06-03T19:13:27;15.90;58.70
24544;DHT22;12697;57.20352965;-2.28857231;2019-06-03T19:15:54;15.80;59.30
24544;DHT22;12697;57.20352965;-2.28857231;2019-06-03T19:18:22;15.70;59.10
24544;DHT22;12697;57.20352965;-2.28857231;2019-06-03T19:20:52;15.70;58.80
24544;DHT22;12697;57.20352965;-2.28857231;2019-06-03T19:23:20;15.80;59.40
24544;DHT22;12697;57.20352965;-2.28857231;2019-06-03T19:25:49;15.70;60.20
24544;DHT22;12697;57.20352965;-2.28857231;2019-06-03T19:28:22;15.50;60.00
24544;DHT22;12697;57.20352965;-2.28857231;2019-06-03T19:30:55;15.50;60.90
24544;DHT22;12697;57.20352965;-2.28857231;2019-06-03T19:33:25;15.50;60.80
24544;DHT22;12697;57.20352965;-2.28857231;2019-06-03T19:35:53;15.40;60.00
24544;DHT22;12697;57.20352965;-2.28857231;2019-06-03T19:38:21;15.40;60.60
24544;DHT22;12697;57.20352965;-2.28857231;2019-06-03T19:40:49;15.30;60.20
24544;DHT22;12697;57.20352965;-2.28857231;2019-06-03T19:43:16;15.40;60.30
24544;DHT22;12697;57.20352965;-2.28857231;2019-06-03T19:45:44;15.30;60.40
24544;DHT22;12697;57.20352965;-2.28857231;2019-06-03T19:48:12;15.30;60.70
24544;DHT22;12697;57.20352965;-2.28857231;2019-06-03T19:50:40;15.30;60.90
24544;DHT22;12697;57.20352965;-2.28857231;2019-06-03T19:53:08;15.30;61.10
24544;DHT22;12697;57.20352965;-2.28857231;2019-06-03T19:55:35;15.30;61.80
24544;DHT22;12697;57.20352965;-2.28857231;2019-06-03T19:58:03;15.20;62.20
24544;DHT22;12697;57.20352965;-2.28857231;2019-06-03T20:00:43;15.00;62.30
24544;DHT22;12697;57.20352965;-2.28857231;2019-06-03T20:13:11;14.50;63.40
24544;DHT22;12697;57.20352965;-2.28857231;2019-06-03T20:15:40;14.40;64.00
24544;DHT22;12697;57.20352965;-2.28857231;2019-06-03T20:18:08;14.40;63.80
24544;DHT22;12697;57.20352965;-2.28857231;2019-06-03T20:20:36;14.30;63.90
24544;DHT22;12697;57.20352965;-2.28857231;2019-06-03T20:23:05;14.20;64.80
24544;DHT22;12697;57.20352965;-2.28857231;2019-06-03T20:25:34;14.20;65.30
24544;DHT22;12697;57.20352965;-2.28857231;2019-06-03T20:28:03;14.10;64.90
24544;DHT22;12697;57.20352965;-2.28857231;2019-06-03T20:30:31;14.10;65.10
24544;DHT22;12697;57.20352965;-2.28857231;2019-06-03T20:32:59;14.00;65.10
24544;DHT22;12697;57.20352965;-2.28857231;2019-06-03T20:35:29;14.10;65.10
24544;DHT22;12697;57.20352965;-2.28857231;2019-06-03T20:37:57;14.10;64.10
24544;DHT22;12697;57.20352965;-2.28857231;2019-06-03T20:40:25;14.10;64.40
24544;DHT22;12697;57.20352965;-2.28857231;2019-06-03T20:42:54;14.10;64.20
24544;DHT22;12697;57.20352965;-2.28857231;2019-06-03T20:45:23;14.10;64.80
24544;DHT22;12697;57.20352965;-2.28857231;2019-06-03T20:47:52;14.10;64.80
24544;DHT22;12697;57.20352965;-2.28857231;2019-06-03T20:50:19;14.00;64.70
24544;DHT22;12697;57.20352965;-2.28857231;2019-06-03T20:52:47;14.00;64.00
24544;DHT22;12697;57.20352965;-2.28857231;2019-06-03T20:55:15;14.00;64.60
24544;DHT22;12697;57.20352965;-2.28857231;2019-06-03T20:57:43;14.00;64.70
24544;DHT22;12697;57.20352965;-2.28857231;2019-06-03T21:02:51;14.00;64.70
24544;DHT22;12697;57.20352965;-2.28857231;2019-06-03T21:05:23;13.90;65.10
24544;DHT22;12697;57.20352965;-2.28857231;2019-06-03T21:07:48;13.90;64.80
24544;DHT22;12697;57.20352965;-2.28857231;2019-06-03T21:10:15;13.80;66.10
24544;DHT22;12697;57.20352965;-2.28857231;2019-06-03T21:12:43;13.60;67.70
24544;DHT22;12697;57.20352965;-2.28857231;2019-06-03T21:15:16;13.50;68.10
24544;DHT22;12697;57.20352965;-2.28857231;2019-06-03T21:17:40;13.40;68.60
24544;DHT22;12697;57.20352965;-2.28857231;2019-06-03T21:20:08;13.40;68.60
24544;DHT22;12697;57.20352965;-2.28857231;2019-06-03T21:22:36;13.20;69.00
24544;DHT22;12697;57.20352965;-2.28857231;2019-06-03T21:25:08;13.20;68.90
24544;DHT22;12697;57.20352965;-2.28857231;2019-06-03T21:27:36;13.20;68.90
24544;DHT22;12697;57.20352965;-2.28857231;2019-06-03T21:30:04;13.10;68.80
24544;DHT22;12697;57.20352965;-2.28857231;2019-06-03T21:32:32;13.10;68.20
24544;DHT22;12697;57.20352965;-2.28857231;2019-06-03T21:34:59;13.20;68.70
24544;DHT22;12697;57.20352965;-2.28857231;2019-06-03T21:37:27;13.20;68.30
24544;DHT22;12697;57.20352965;-2.28857231;2019-06-03T21:39:56;13.10;68.50
24544;DHT22;12697;57.20352965;-2.28857231;2019-06-03T21:42:32;13.10;68.80
24544;DHT22;12697;57.20352965;-2.28857231;2019-06-03T21:45:00;13.00;69.50
24544;DHT22;12697;57.20352965;-2.28857231;2019-06-03T21:47:29;13.00;71.20
24544;DHT22;12697;57.20352965;-2.28857231;2019-06-03T21:50:04;12.90;71.90
24544;DHT22;12697;57.20352965;-2.28857231;2019-06-03T21:52:29;12.80;71.80
24544;DHT22;12697;57.20352965;-2.28857231;2019-06-03T21:55:06;12.80;72.80
24544;DHT22;12697;57.20352965;-2.28857231;2019-06-03T21:57:29;12.60;73.30
24544;DHT22;12697;57.20352965;-2.28857231;2019-06-03T21:59:58;12.60;74.20
24544;DHT22;12697;57.20352965;-2.28857231;2019-06-03T22:02:25;12.70;74.90
24544;DHT22;12697;57.20352965;-2.28857231;2019-06-03T22:04:53;12.60;75.90
24544;DHT22;12697;57.20352965;-2.28857231;2019-06-03T22:07:21;12.60;76.00
24544;DHT22;12697;57.20352965;-2.28857231;2019-06-03T22:09:48;12.50;75.70
24544;DHT22;12697;57.20352965;-2.28857231;2019-06-03T22:12:16;12.40;76.10
24544;DHT22;12697;57.20352965;-2.28857231;2019-06-03T22:14:46;12.30;77.20
24544;DHT22;12697;57.20352965;-2.28857231;2019-06-03T22:17:17;12.30;78.20
24544;DHT22;12697;57.20352965;-2.28857231;2019-06-03T22:19:44;12.30;78.20
24544;DHT22;12697;57.20352965;-2.28857231;2019-06-03T22:22:12;12.30;78.80
24544;DHT22;12697;57.20352965;-2.28857231;2019-06-03T22:24:46;12.20;79.30
24544;DHT22;12697;57.20352965;-2.28857231;2019-06-03T22:27:11;12.20;80.00
24544;DHT22;12697;57.20352965;-2.28857231;2019-06-03T22:29:38;12.10;80.30
24544;DHT22;12697;57.20352965;-2.28857231;2019-06-03T22:32:08;12.20;80.70
24544;DHT22;12697;57.20352965;-2.28857231;2019-06-03T22:34:37;12.10;81.00
24544;DHT22;12697;57.20352965;-2.28857231;2019-06-03T22:37:05;12.10;80.30
24544;DHT22;12697;57.20352965;-2.28857231;2019-06-03T22:39:32;12.10;80.90
24544;DHT22;12697;57.20352965;-2.28857231;2019-06-03T22:42:00;12.00;82.40
24544;DHT22;12697;57.20352965;-2.28857231;2019-06-03T22:44:28;12.00;82.00
24544;DHT22;12697;57.20352965;-2.28857231;2019-06-03T22:46:55;12.00;82.90
24544;DHT22;12697;57.20352965;-2.28857231;2019-06-03T22:49:25;11.90;82.60
24544;DHT22;12697;57.20352965;-2.28857231;2019-06-03T22:51:53;11.90;82.80
24544;DHT22;12697;57.20352965;-2.28857231;2019-06-03T22:54:22;11.80;83.30
24544;DHT22;12697;57.20352965;-2.28857231;2019-06-03T22:56:50;11.70;83.30
24544;DHT22;12697;57.20352965;-2.28857231;2019-06-03T22:59:18;11.60;84.20
24544;DHT22;12697;57.20352965;-2.28857231;2019-06-03T23:01:55;11.50;83.80
24544;DHT22;12697;57.20352965;-2.28857231;2019-06-03T23:04:28;11.50;83.80
24544;DHT22;12697;57.20352965;-2.28857231;2019-06-03T23:07:03;11.50;84.80
24544;DHT22;12697;57.20352965;-2.28857231;2019-06-03T23:09:28;11.40;84.60
24544;DHT22;12697;57.20352965;-2.28857231;2019-06-03T23:11:55;11.40;85.30
24544;DHT22;12697;57.20352965;-2.28857231;2019-06-03T23:14:23;11.40;84.60
24544;DHT22;12697;57.20352965;-2.28857231;2019-06-03T23:16:59;11.30;85.70
24544;DHT22;12697;57.20352965;-2.28857231;2019-06-03T23:19:27;11.30;85.20
24544;DHT22;12697;57.20352965;-2.28857231;2019-06-03T23:21:56;11.30;84.80
24544;DHT22;12697;57.20352965;-2.28857231;2019-06-03T23:24:24;11.30;84.80
24544;DHT22;12697;57.20352965;-2.28857231;2019-06-03T23:26:52;11.30;83.90
24544;DHT22;12697;57.20352965;-2.28857231;2019-06-03T23:29:23;11.30;83.30
24544;DHT22;12697;57.20352965;-2.28857231;2019-06-03T23:31:57;11.30;84.40
24544;DHT22;12697;57.20352965;-2.28857231;2019-06-03T23:34:26;11.30;83.60
24544;DHT22;12697;57.20352965;-2.28857231;2019-06-03T23:36:55;11.30;84.10
24544;DHT22;12697;57.20352965;-2.28857231;2019-06-03T23:39:26;11.30;84.20
24544;DHT22;12697;57.20352965;-2.28857231;2019-06-03T23:41:54;11.20;84.00
24544;DHT22;12697;57.20352965;-2.28857231;2019-06-03T23:44:29;11.30;83.30
24544;DHT22;12697;57.20352965;-2.28857231;2019-06-03T23:46:53;11.30;83.50
24544;DHT22;12697;57.20352965;-2.28857231;2019-06-03T23:49:22;11.20;84.10
24544;DHT22;12697;57.20352965;-2.28857231;2019-06-03T23:51:50;11.20;83.30
24544;DHT22;12697;57.20352965;-2.28857231;2019-06-03T23:54:18;11.20;83.70
24544;DHT22;12697;57.20352965;-2.28857231;2019-06-03T23:56:48;11.30;83.20
24544;DHT22;12697;57.20352965;-2.28857231;2019-06-03T23:59:24;11.20;83.10
