sensor_id;sensor_type;location;lat;lon;timestamp;pressure;altitude;pressure_sealevel;temperature;humidity
17204;BME280;8718;57.178;-2.092;2019-06-02T00:01:52;101088.92;;;13.55;71.26
17204;BME280;8718;57.178;-2.092;2019-06-02T00:04:19;101083.64;;;13.55;71.29
17204;BME280;8718;57.178;-2.092;2019-06-02T00:06:46;101087.92;;;13.56;71.32
17204;BME280;8718;57.178;-2.092;2019-06-02T00:09:13;101078.20;;;13.56;71.30
17204;BME280;8718;57.178;-2.092;2019-06-02T00:11:39;101075.55;;;13.56;71.24
17204;BME280;8718;57.178;-2.092;2019-06-02T00:14:06;101057.05;;;13.56;71.23
17204;BME280;8718;57.178;-2.092;2019-06-02T00:16:33;101054.05;;;13.55;71.25
17204;BME280;8718;57.178;-2.092;2019-06-02T00:19:00;101049.11;;;13.56;71.28
17204;BME280;8718;57.178;-2.092;2019-06-02T00:21:26;101050.59;;;13.55;71.29
17204;BME280;8718;57.178;-2.092;2019-06-02T00:23:53;101046.13;;;13.55;71.33
17204;BME280;8718;57.178;-2.092;2019-06-02T00:26:20;101051.09;;;13.54;71.35
17204;BME280;8718;57.178;-2.092;2019-06-02T00:28:46;101045.48;;;13.53;71.42
17204;BME280;8718;57.178;-2.092;2019-06-02T00:31:13;101039.85;;;13.52;71.51
17204;BME280;8718;57.178;-2.092;2019-06-02T00:33:40;101032.11;;;13.51;71.54
17204;BME280;8718;57.178;-2.092;2019-06-02T00:36:07;101022.52;;;13.50;71.59
17204;BME280;8718;57.178;-2.092;2019-06-02T00:38:33;101020.37;;;13.49;71.65
17204;BME280;8718;57.178;-2.092;2019-06-02T00:41:00;101016.09;;;13.48;71.69
17204;BME280;8718;57.178;-2.092;2019-06-02T00:43:27;101025.34;;;13.48;71.76
17204;BME280;8718;57.178;-2.092;2019-06-02T00:45:54;101024.98;;;13.47;71.77
17204;BME280;8718;57.178;-2.092;2019-06-02T00:48:20;101014.61;;;13.45;71.83
17204;BME280;8718;57.178;-2.092;2019-06-02T00:50:47;101011.96;;;13.45;71.83
17204;BME280;8718;57.178;-2.092;2019-06-02T00:53:14;101006.17;;;13.46;71.87
17204;BME280;8718;57.178;-2.092;2019-06-02T00:55:41;101010.64;;;13.45;71.95
17204;BME280;8718;57.178;-2.092;2019-06-02T00:58:07;101002.36;;;13.44;72.21
17204;BME280;8718;57.178;-2.092;2019-06-02T01:00:34;100998.58;;;13.43;72.51
17204;BME280;8718;57.178;-2.092;2019-06-02T01:03:01;101000.56;;;13.41;72.68
17204;BME280;8718;57.178;-2.092;2019-06-02T01:05:29;100993.64;;;13.40;72.84
17204;BME280;8718;57.178;-2.092;2019-06-02T01:07:56;100994.61;;;13.39;73.01
17204;BME280;8718;57.178;-2.092;2019-06-02T01:10:23;100978.12;;;13.37;73.07
17204;BME280;8718;57.178;-2.092;2019-06-02T01:12:50;100968.87;;;13.37;73.08
17204;BME280;8718;57.178;-2.092;2019-06-02T01:15:17;100961.45;;;13.36;73.05
17204;BME280;8718;57.178;-2.092;2019-06-02T01:17:44;100955.66;;;13.37;72.98
17204;BME280;8718;57.178;-2.092;2019-06-02T01:20:11;100951.70;;;13.37;72.95
17204;BME280;8718;57.178;-2.092;2019-06-02T01:22:38;100949.87;;;13.37;72.97
17204;BME280;8718;57.178;-2.092;2019-06-02T01:25:05;100944.08;;;13.38;72.97
17204;BME280;8718;57.178;-2.092;2019-06-02T01:27:33;100934.52;;;13.37;72.89
17204;BME280;8718;57.178;-2.092;2019-06-02T01:30:00;100925.27;;;13.37;72.87
17204;BME280;8718;57.178;-2.092;2019-06-02T01:32:26;100917.65;;;13.38;72.79
17204;BME280;8718;57.178;-2.092;2019-06-02T01:34:53;100925.89;;;13.39;72.73
17204;BME280;8718;57.178;-2.092;2019-06-02T01:37:20;100922.44;;;13.38;72.78
17204;BME280;8718;57.178;-2.092;2019-06-02T01:39:47;100914.50;;;13.38;72.75
17204;BME280;8718;57.178;-2.092;2019-06-02T01:42:13;100915.33;;;13.39;72.77
17204;BME280;8718;57.178;-2.092;2019-06-02T01:44:40;100920.61;;;13.39;72.78
17204;BME280;8718;57.178;-2.092;2019-06-02T01:47:07;100912.36;;;13.38;72.94
17204;BME280;8718;57.178;-2.092;2019-06-02T01:49:34;100908.41;;;13.38;72.97
17204;BME280;8718;57.178;-2.092;2019-06-02T01:52:00;100910.73;;;13.37;72.93
17204;BME280;8718;57.178;-2.092;2019-06-02T01:54:27;100908.09;;;13.37;72.95
17204;BME280;8718;57.178;-2.092;2019-06-02T01:56:54;100911.70;;;13.36;72.95
17204;BME280;8718;57.178;-2.092;2019-06-02T01:59:21;100923.59;;;13.36;73.16
17204;BME280;8718;57.178;-2.092;2019-06-02T02:01:47;100915.35;;;13.35;73.27
17204;BME280;8718;57.178;-2.092;2019-06-02T02:04:14;100911.08;;;13.34;73.34
17204;BME280;8718;57.178;-2.092;2019-06-02T02:06:41;100900.34;;;13.31;73.54
17204;BME280;8718;57.178;-2.092;2019-06-02T02:09:08;100906.95;;;13.31;73.77
17204;BME280;8718;57.178;-2.092;2019-06-02T02:11:34;100902.83;;;13.29;73.93
17204;BME280;8718;57.178;-2.092;2019-06-02T02:14:01;100892.92;;;13.27;74.08
17204;BME280;8718;57.178;-2.092;2019-06-02T02:16:28;100886.47;;;13.25;74.13
17204;BME280;8718;57.178;-2.092;2019-06-02T02:18:55;100879.52;;;13.24;74.15
17204;BME280;8718;57.178;-2.092;2019-06-02T02:21:24;100882.34;;;13.22;74.29
17204;BME280;8718;57.178;-2.092;2019-06-02T02:23:51;100881.69;;;13.20;74.45
17204;BME280;8718;57.178;-2.092;2019-06-02T02:26:18;100877.56;;;13.18;74.80
17204;BME280;8718;57.178;-2.092;2019-06-02T02:28:45;100868.66;;;13.15;74.99
17204;BME280;8718;57.178;-2.092;2019-06-02T02:31:11;100867.03;;;13.14;75.04
17204;BME280;8718;57.178;-2.092;2019-06-02T02:33:38;100867.19;;;13.12;75.09
17204;BME280;8718;57.178;-2.092;2019-06-02T02:36:05;100860.27;;;13.11;75.10
17204;BME280;8718;57.178;-2.092;2019-06-02T02:38:32;100858.94;;;13.11;75.17
17204;BME280;8718;57.178;-2.092;2019-06-02T02:40:58;100856.80;;;13.11;75.21
17204;BME280;8718;57.178;-2.092;2019-06-02T02:43:25;100848.03;;;13.10;75.26
17204;BME280;8718;57.178;-2.092;2019-06-02T02:45:52;100843.25;;;13.10;75.30
17204;BME280;8718;57.178;-2.092;2019-06-02T02:48:18;100835.83;;;13.09;75.41
17204;BME280;8718;57.178;-2.092;2019-06-02T02:50:45;100826.58;;;13.09;75.48
17204;BME280;8718;57.178;-2.092;2019-06-02T02:53:12;100819.32;;;13.07;75.72
17204;BME280;8718;57.178;-2.092;2019-06-02T02:55:39;100808.12;;;13.05;75.97
17204;BME280;8718;57.178;-2.092;2019-06-02T02:58:06;100809.92;;;13.04;76.22
17204;BME280;8718;57.178;-2.092;2019-06-02T03:00:33;100807.13;;;13.02;76.35
17204;BME280;8718;57.178;-2.092;2019-06-02T03:03:00;100795.92;;;13.00;76.44
17204;BME280;8718;57.178;-2.092;2019-06-02T03:05:27;100795.11;;;12.99;76.62
17204;BME280;8718;57.178;-2.092;2019-06-02T03:07:53;100793.63;;;12.97;76.77
17204;BME280;8718;57.178;-2.092;2019-06-02T03:10:20;100787.69;;;12.95;76.88
17204;BME280;8718;57.178;-2.092;2019-06-02T03:12:47;100782.56;;;12.93;76.95
17204;BME280;8718;57.178;-2.092;2019-06-02T03:15:14;100771.18;;;12.93;77.00
17204;BME280;8718;57.178;-2.092;2019-06-02T03:17:41;100772.50;;;12.93;76.98
17204;BME280;8718;57.178;-2.092;2019-06-02T03:20:07;100766.91;;;12.92;77.07
17204;BME280;8718;57.178;-2.092;2019-06-02T03:22:34;100757.66;;;12.92;77.18
17204;BME280;8718;57.178;-2.092;2019-06-02T03:25:01;100750.72;;;12.91;77.44
17204;BME280;8718;57.178;-2.092;2019-06-02T03:27:28;100739.02;;;12.89;77.56
17204;BME280;8718;57.178;-2.092;2019-06-02T03:29:55;100733.90;;;12.88;77.64
17204;BME280;8718;57.178;-2.092;2019-06-02T03:32:22;100724.66;;;12.88;77.60
17204;BME280;8718;57.178;-2.092;2019-06-02T03:34:48;100721.39;;;12.86;77.67
17204;BME280;8718;57.178;-2.092;2019-06-02T03:37:15;100717.73;;;12.87;77.73
17204;BME280;8718;57.178;-2.092;2019-06-02T03:39:42;100715.92;;;12.87;77.78
17204;BME280;8718;57.178;-2.092;2019-06-02T03:42:09;100708.69;;;12.85;77.74
17204;BME280;8718;57.178;-2.092;2019-06-02T03:44:35;100703.22;;;12.87;77.73
17204;BME280;8718;57.178;-2.092;2019-06-02T03:47:02;100699.25;;;12.87;77.66
17204;BME280;8718;57.178;-2.092;2019-06-02T03:49:29;100689.01;;;12.88;77.65
17204;BME280;8718;57.178;-2.092;2019-06-02T03:51:55;100688.53;;;12.88;77.56
17204;BME280;8718;57.178;-2.092;2019-06-02T03:54:22;100688.84;;;12.89;77.43
17204;BME280;8718;57.178;-2.092;2019-06-02T03:56:49;100681.73;;;12.90;77.36
17204;BME280;8718;57.178;-2.092;2019-06-02T03:59:16;100671.17;;;12.90;77.28
17204;BME280;8718;57.178;-2.092;2019-06-02T04:01:42;100669.19;;;12.92;77.34
17204;BME280;8718;57.178;-2.092;2019-06-02T04:04:09;100663.41;;;12.92;77.42
17204;BME280;8718;57.178;-2.092;2019-06-02T04:06:36;100657.31;;;12.92;77.50
17204;BME280;8718;57.178;-2.092;2019-06-02T04:09:04;100651.52;;;12.92;77.54
17204;BME280;8718;57.178;-2.092;2019-06-02T04:11:30;100645.23;;;12.93;77.55
17204;BME280;8718;57.178;-2.092;2019-06-02T04:13:57;100635.17;;;12.93;77.56
17204;BME280;8718;57.178;-2.092;2019-06-02T04:16:24;100635.52;;;12.94;77.53
17204;BME280;8718;57.178;-2.092;2019-06-02T04:18:51;100623.63;;;12.94;77.65
17204;BME280;8718;57.178;-2.092;2019-06-02T04:21:17;100614.70;;;12.95;77.81
17204;BME280;8718;57.178;-2.092;2019-06-02T04:23:44;100614.70;;;12.95;77.85
17204;BME280;8718;57.178;-2.092;2019-06-02T04:26:11;100601.50;;;12.95;77.84
17204;BME280;8718;57.178;-2.092;2019-06-02T04:28:37;100598.86;;;12.95;77.73
17204;BME280;8718;57.178;-2.092;2019-06-02T04:31:04;100593.58;;;12.95;77.69
17204;BME280;8718;57.178;-2.092;2019-06-02T04:33:31;100598.35;;;12.95;77.57
17204;BME280;8718;57.178;-2.092;2019-06-02T04:35:58;100593.72;;;12.97;77.48
17204;BME280;8718;57.178;-2.092;2019-06-02T04:38:24;100595.55;;;12.97;77.60
17204;BME280;8718;57.178;-2.092;2019-06-02T04:40:51;100594.70;;;12.96;77.86
17204;BME280;8718;57.178;-2.092;2019-06-02T04:43:18;100593.58;;;12.95;78.18
17204;BME280;8718;57.178;-2.092;2019-06-02T04:45:45;100586.16;;;12.94;78.30
17204;BME280;8718;57.178;-2.092;2019-06-02T04:48:11;100576.57;;;12.93;78.30
17204;BME280;8718;57.178;-2.092;2019-06-02T04:50:38;100564.38;;;12.92;78.28
17204;BME280;8718;57.178;-2.092;2019-06-02T04:53:05;100565.70;;;12.92;78.25
17204;BME280;8718;57.178;-2.092;2019-06-02T04:55:32;100558.78;;;12.91;78.29
17204;BME280;8718;57.178;-2.092;2019-06-02T04:57:58;100554.82;;;12.91;78.31
17204;BME280;8718;57.178;-2.092;2019-06-02T05:00:25;100533.70;;;12.91;78.24
17204;BME280;8718;57.178;-2.092;2019-06-02T05:02:52;100538.13;;;12.91;78.25
17204;BME280;8718;57.178;-2.092;2019-06-02T05:05:18;100535.02;;;12.91;78.13
17204;BME280;8718;57.178;-2.092;2019-06-02T05:07:45;100540.77;;;12.91;78.12
17204;BME280;8718;57.178;-2.092;2019-06-02T05:10:12;100539.45;;;12.91;78.08
17204;BME280;8718;57.178;-2.092;2019-06-02T05:12:39;100530.20;;;12.91;78.17
17204;BME280;8718;57.178;-2.092;2019-06-02T05:15:05;100537.82;;;12.90;78.21
17204;BME280;8718;57.178;-2.092;2019-06-02T05:17:32;100520.34;;;12.89;78.28
17204;BME280;8718;57.178;-2.092;2019-06-02T05:19:59;100498.06;;;12.87;78.29
17204;BME280;8718;57.178;-2.092;2019-06-02T05:22:26;100497.56;;;12.88;78.30
17204;BME280;8718;57.178;-2.092;2019-06-02T05:24:52;100490.95;;;12.88;78.34
17204;BME280;8718;57.178;-2.092;2019-06-02T05:27:19;100477.75;;;12.88;78.37
17204;BME280;8718;57.178;-2.092;2019-06-02T05:29:46;100474.14;;;12.89;78.40
17204;BME280;8718;57.178;-2.092;2019-06-02T05:32:12;100460.59;;;12.88;78.47
17204;BME280;8718;57.178;-2.092;2019-06-02T05:34:39;100455.66;;;12.89;78.57
17204;BME280;8718;57.178;-2.092;2019-06-02T05:37:06;100448.40;;;12.87;78.74
17204;BME280;8718;57.178;-2.092;2019-06-02T05:39:33;100440.48;;;12.87;78.91
17204;BME280;8718;57.178;-2.092;2019-06-02T05:41:59;100440.48;;;12.87;79.01
17204;BME280;8718;57.178;-2.092;2019-06-02T05:44:26;100447.28;;;12.85;79.15
17204;BME280;8718;57.178;-2.092;2019-06-02T05:46:53;100441.48;;;12.86;79.42
17204;BME280;8718;57.178;-2.092;2019-06-02T05:49:19;100436.72;;;12.85;79.57
17204;BME280;8718;57.178;-2.092;2019-06-02T05:51:46;100435.56;;;12.84;79.62
17204;BME280;8718;57.178;-2.092;2019-06-02T05:54:13;100429.97;;;12.83;79.75
17204;BME280;8718;57.178;-2.092;2019-06-02T05:56:40;100426.83;;;12.83;79.93
17204;BME280;8718;57.178;-2.092;2019-06-02T05:59:06;100416.43;;;12.81;80.04
17204;BME280;8718;57.178;-2.092;2019-06-02T06:01:33;100412.47;;;12.81;80.09
17204;BME280;8718;57.178;-2.092;2019-06-02T06:04:00;100415.61;;;12.81;80.21
17204;BME280;8718;57.178;-2.092;2019-06-02T06:06:27;100412.47;;;12.81;80.34
17204;BME280;8718;57.178;-2.092;2019-06-02T06:08:53;100409.83;;;12.81;80.39
17204;BME280;8718;57.178;-2.092;2019-06-02T06:11:20;100395.31;;;12.81;80.43
17204;BME280;8718;57.178;-2.092;2019-06-02T06:13:47;100397.44;;;12.82;80.52
17204;BME280;8718;57.178;-2.092;2019-06-02T06:16:14;100392.16;;;12.82;80.61
17204;BME280;8718;57.178;-2.092;2019-06-02T06:18:40;100389.52;;;12.82;80.61
17204;BME280;8718;57.178;-2.092;2019-06-02T06:21:07;100390.37;;;12.83;80.71
17204;BME280;8718;57.178;-2.092;2019-06-02T06:23:34;100380.11;;;12.84;80.74
17204;BME280;8718;57.178;-2.092;2019-06-02T06:26:01;100384.08;;;12.84;80.79
17204;BME280;8718;57.178;-2.092;2019-06-02T06:28:27;100387.02;;;12.85;80.79
17204;BME280;8718;57.178;-2.092;2019-06-02T06:30:54;100382.89;;;12.86;80.70
17204;BME280;8718;57.178;-2.092;2019-06-02T06:33:21;100382.02;;;12.90;80.59
17204;BME280;8718;57.178;-2.092;2019-06-02T06:35:48;100374.41;;;12.91;80.49
17204;BME280;8718;57.178;-2.092;2019-06-02T06:38:14;100376.37;;;12.93;80.42
17204;BME280;8718;57.178;-2.092;2019-06-02T06:40:41;100375.70;;;12.95;80.31
17204;BME280;8718;57.178;-2.092;2019-06-02T06:43:08;100375.84;;;12.97;80.15
17204;BME280;8718;57.178;-2.092;2019-06-02T06:45:35;100366.73;;;13.00;80.08
17204;BME280;8718;57.178;-2.092;2019-06-02T06:48:01;100360.45;;;13.01;80.13
17204;BME280;8718;57.178;-2.092;2019-06-02T06:50:28;100366.03;;;13.02;80.15
17204;BME280;8718;57.178;-2.092;2019-06-02T06:52:55;100352.66;;;13.03;80.29
17204;BME280;8718;57.178;-2.092;2019-06-02T06:55:22;100353.47;;;13.04;80.38
17204;BME280;8718;57.178;-2.092;2019-06-02T06:57:48;100343.25;;;13.05;80.53
17204;BME280;8718;57.178;-2.092;2019-06-02T07:00:15;100341.42;;;13.06;80.70
17204;BME280;8718;57.178;-2.092;2019-06-02T07:02:42;100337.59;;;13.08;81.03
17204;BME280;8718;57.178;-2.092;2019-06-02T07:05:09;100333.94;;;13.09;81.36
17204;BME280;8718;57.178;-2.092;2019-06-02T07:07:36;100323.68;;;13.10;81.62
17204;BME280;8718;57.178;-2.092;2019-06-02T07:10:06;100318.53;;;13.13;81.76
17204;BME280;8718;57.178;-2.092;2019-06-02T07:12:33;100315.05;;;13.16;81.95
17204;BME280;8718;57.178;-2.092;2019-06-02T07:14:59;100311.52;;;13.20;82.02
17204;BME280;8718;57.178;-2.092;2019-06-02T07:17:26;100305.19;;;13.25;81.85
17204;BME280;8718;57.178;-2.092;2019-06-02T07:19:53;100297.05;;;13.31;81.83
17204;BME280;8718;57.178;-2.092;2019-06-02T07:22:19;100295.48;;;13.36;81.85
17204;BME280;8718;57.178;-2.092;2019-06-02T07:24:46;100293.41;;;13.42;82.04
17204;BME280;8718;57.178;-2.092;2019-06-02T07:27:13;100280.94;;;13.47;81.75
17204;BME280;8718;57.178;-2.092;2019-06-02T07:29:40;100283.33;;;13.53;81.63
17204;BME280;8718;57.178;-2.092;2019-06-02T07:32:08;100284.41;;;13.58;81.52
17204;BME280;8718;57.178;-2.092;2019-06-02T07:34:35;100280.40;;;13.62;81.59
17204;BME280;8718;57.178;-2.092;2019-06-02T07:37:01;100279.50;;;13.66;81.73
17204;BME280;8718;57.178;-2.092;2019-06-02T07:39:28;100278.31;;;13.68;81.94
17204;BME280;8718;57.178;-2.092;2019-06-02T07:41:55;100271.02;;;13.70;81.97
17204;BME280;8718;57.178;-2.092;2019-06-02T07:44:22;100272.77;;;13.74;82.02
17204;BME280;8718;57.178;-2.092;2019-06-02T07:46:48;100270.43;;;13.75;82.26
17204;BME280;8718;57.178;-2.092;2019-06-02T07:49:15;100277.98;;;13.78;82.40
17204;BME280;8718;57.178;-2.092;2019-06-02T07:51:42;100278.92;;;13.81;82.54
17204;BME280;8718;57.178;-2.092;2019-06-02T07:54:09;100261.86;;;13.84;82.54
17204;BME280;8718;57.178;-2.092;2019-06-02T07:56:35;100259.55;;;13.85;82.43
17204;BME280;8718;57.178;-2.092;2019-06-02T07:59:02;100248.77;;;13.86;82.39
17204;BME280;8718;57.178;-2.092;2019-06-02T08:01:29;100251.23;;;13.88;82.18
17204;BME280;8718;57.178;-2.092;2019-06-02T08:03:56;100245.55;;;13.91;82.14
17204;BME280;8718;57.178;-2.092;2019-06-02T08:06:22;100244.02;;;13.92;82.22
17204;BME280;8718;57.178;-2.092;2019-06-02T08:08:49;100236.42;;;13.93;82.30
17204;BME280;8718;57.178;-2.092;2019-06-02T08:11:16;100230.11;;;13.95;82.35
17204;BME280;8718;57.178;-2.092;2019-06-02T08:13:42;100234.71;;;13.97;82.36
17204;BME280;8718;57.178;-2.092;2019-06-02T08:16:09;100229.03;;;14.00;82.40
17204;BME280;8718;57.178;-2.092;2019-06-02T08:18:36;100225.49;;;14.03;82.33
17204;BME280;8718;57.178;-2.092;2019-06-02T08:21:03;100212.20;;;14.07;82.32
17204;BME280;8718;57.178;-2.092;2019-06-02T08:23:30;100203.49;;;14.13;82.48
17204;BME280;8718;57.178;-2.092;2019-06-02T08:25:56;100208.64;;;14.22;82.62
17204;BME280;8718;57.178;-2.092;2019-06-02T08:28:23;100200.03;;;14.30;82.73
17204;BME280;8718;57.178;-2.092;2019-06-02T08:30:50;100194.19;;;14.42;82.64
17204;BME280;8718;57.178;-2.092;2019-06-02T08:33:17;100185.39;;;14.52;82.35
17204;BME280;8718;57.178;-2.092;2019-06-02T08:35:43;100179.05;;;14.64;82.13
17204;BME280;8718;57.178;-2.092;2019-06-02T08:38:10;100193.05;;;14.75;81.66
17204;BME280;8718;57.178;-2.092;2019-06-02T08:40:37;100182.69;;;14.87;81.04
17204;BME280;8718;57.178;-2.092;2019-06-02T08:43:04;100173.53;;;14.96;80.29
17204;BME280;8718;57.178;-2.092;2019-06-02T08:45:30;100171.81;;;15.05;79.97
17204;BME280;8718;57.178;-2.092;2019-06-02T08:47:57;100164.41;;;15.18;79.76
17204;BME280;8718;57.178;-2.092;2019-06-02T08:50:24;100155.23;;;15.34;79.33
17204;BME280;8718;57.178;-2.092;2019-06-02T08:52:51;100158.22;;;15.48;78.79
17204;BME280;8718;57.178;-2.092;2019-06-02T08:55:17;100156.36;;;15.62;78.16
17204;BME280;8718;57.178;-2.092;2019-06-02T08:57:44;100154.25;;;15.75;77.71
17204;BME280;8718;57.178;-2.092;2019-06-02T09:00:11;100157.60;;;15.86;77.33
17204;BME280;8718;57.178;-2.092;2019-06-02T09:02:38;100148.62;;;15.94;76.60
17204;BME280;8718;57.178;-2.092;2019-06-02T09:05:05;100147.98;;;15.99;76.10
17204;BME280;8718;57.178;-2.092;2019-06-02T09:07:32;100162.16;;;16.02;75.67
17204;BME280;8718;57.178;-2.092;2019-06-02T09:09:59;100158.91;;;16.00;75.41
17204;BME280;8718;57.178;-2.092;2019-06-02T09:12:26;100152.37;;;15.96;75.30
17204;BME280;8718;57.178;-2.092;2019-06-02T09:14:52;100150.43;;;15.93;75.18
17204;BME280;8718;57.178;-2.092;2019-06-02T09:17:19;100152.40;;;15.89;75.32
17204;BME280;8718;57.178;-2.092;2019-06-02T09:19:46;100140.36;;;15.86;75.55
17204;BME280;8718;57.178;-2.092;2019-06-02T09:22:13;100141.06;;;15.84;75.60
17204;BME280;8718;57.178;-2.092;2019-06-02T09:24:39;100136.47;;;15.82;75.57
17204;BME280;8718;57.178;-2.092;2019-06-02T09:27:06;100139.86;;;15.80;75.67
17204;BME280;8718;57.178;-2.092;2019-06-02T09:29:33;100132.62;;;15.78;75.83
17204;BME280;8718;57.178;-2.092;2019-06-02T09:32:00;100123.04;;;15.77;75.94
17204;BME280;8718;57.178;-2.092;2019-06-02T09:34:26;100118.73;;;15.76;75.99
17204;BME280;8718;57.178;-2.092;2019-06-02T09:36:53;100116.82;;;15.74;75.97
17204;BME280;8718;57.178;-2.092;2019-06-02T09:39:20;100118.86;;;15.72;75.93
17204;BME280;8718;57.178;-2.092;2019-06-02T09:41:47;100115.91;;;15.71;76.00
17204;BME280;8718;57.178;-2.092;2019-06-02T09:44:13;100120.70;;;15.71;76.20
17204;BME280;8718;57.178;-2.092;2019-06-02T09:46:40;100123.35;;;15.71;76.46
17204;BME280;8718;57.178;-2.092;2019-06-02T09:49:07;100119.89;;;15.71;76.32
17204;BME280;8718;57.178;-2.092;2019-06-02T09:51:34;100121.22;;;15.71;76.24
17204;BME280;8718;57.178;-2.092;2019-06-02T09:54:02;100125.48;;;15.72;76.29
17204;BME280;8718;57.178;-2.092;2019-06-02T09:56:29;100120.99;;;15.73;76.40
17204;BME280;8718;57.178;-2.092;2019-06-02T09:58:55;100119.47;;;15.74;76.44
17204;BME280;8718;57.178;-2.092;2019-06-02T10:01:22;100122.13;;;15.74;76.34
17204;BME280;8718;57.178;-2.092;2019-06-02T10:03:49;100109.67;;;15.75;76.17
17204;BME280;8718;57.178;-2.092;2019-06-02T10:06:16;100098.84;;;15.76;76.24
17204;BME280;8718;57.178;-2.092;2019-06-02T10:08:42;100102.92;;;15.79;76.25
17204;BME280;8718;57.178;-2.092;2019-06-02T10:11:09;100098.23;;;15.81;76.22
17204;BME280;8718;57.178;-2.092;2019-06-02T10:13:38;100089.56;;;15.83;76.20
17204;BME280;8718;57.178;-2.092;2019-06-02T10:16:04;100100.05;;;15.87;76.29
17204;BME280;8718;57.178;-2.092;2019-06-02T10:18:31;100095.45;;;15.91;76.17
17204;BME280;8718;57.178;-2.092;2019-06-02T10:20:58;100089.22;;;15.95;76.21
17204;BME280;8718;57.178;-2.092;2019-06-02T10:23:25;100076.34;;;15.99;76.10
17204;BME280;8718;57.178;-2.092;2019-06-02T10:25:52;100078.28;;;16.01;76.28
17204;BME280;8718;57.178;-2.092;2019-06-02T10:28:18;100082.06;;;16.02;76.29
17204;BME280;8718;57.178;-2.092;2019-06-02T10:30:45;100073.88;;;16.04;76.25
17204;BME280;8718;57.178;-2.092;2019-06-02T10:33:12;100075.72;;;16.03;76.09
17204;BME280;8718;57.178;-2.092;2019-06-02T10:35:38;100062.16;;;16.02;76.15
17204;BME280;8718;57.178;-2.092;2019-06-02T10:38:05;100065.82;;;16.01;76.18
17204;BME280;8718;57.178;-2.092;2019-06-02T10:40:34;100061.03;;;16.01;76.33
17204;BME280;8718;57.178;-2.092;2019-06-02T10:43:00;100061.13;;;16.03;76.50
17204;BME280;8718;57.178;-2.092;2019-06-02T10:45:27;100054.59;;;16.06;76.71
17204;BME280;8718;57.178;-2.092;2019-06-02T10:47:54;100061.70;;;16.12;77.00
17204;BME280;8718;57.178;-2.092;2019-06-02T10:50:21;100058.81;;;16.20;76.99
17204;BME280;8718;57.178;-2.092;2019-06-02T10:52:47;100058.86;;;16.29;76.83
17204;BME280;8718;57.178;-2.092;2019-06-02T10:55:14;100049.33;;;16.37;76.52
17204;BME280;8718;57.178;-2.092;2019-06-02T10:57:41;100049.08;;;16.46;76.41
17204;BME280;8718;57.178;-2.092;2019-06-02T11:00:11;100042.48;;;16.55;76.21
17204;BME280;8718;57.178;-2.092;2019-06-02T11:02:39;100033.74;;;16.64;76.02
17204;BME280;8718;57.178;-2.092;2019-06-02T11:05:06;100026.03;;;16.71;75.59
17204;BME280;8718;57.178;-2.092;2019-06-02T11:07:33;100031.84;;;16.77;75.12
17204;BME280;8718;57.178;-2.092;2019-06-02T11:10:00;100025.38;;;16.82;74.57
17204;BME280;8718;57.178;-2.092;2019-06-02T11:12:27;100019.47;;;16.90;74.42
17204;BME280;8718;57.178;-2.092;2019-06-02T11:14:53;100016.55;;;16.98;74.19
17204;BME280;8718;57.178;-2.092;2019-06-02T11:17:22;100007.41;;;17.03;73.90
17204;BME280;8718;57.178;-2.092;2019-06-02T11:19:50;100010.00;;;17.10;73.74
17204;BME280;8718;57.178;-2.092;2019-06-02T11:22:17;99994.14;;;17.12;73.08
17204;BME280;8718;57.178;-2.092;2019-06-02T11:24:43;100007.95;;;17.12;72.94
17204;BME280;8718;57.178;-2.092;2019-06-02T11:27:12;100005.00;;;17.11;72.77
17204;BME280;8718;57.178;-2.092;2019-06-02T11:29:38;99995.09;;;17.09;72.70
17204;BME280;8718;57.178;-2.092;2019-06-02T11:32:05;100005.88;;;17.04;72.61
17204;BME280;8718;57.178;-2.092;2019-06-02T11:34:34;100000.77;;;17.03;72.77
17204;BME280;8718;57.178;-2.092;2019-06-02T11:37:01;100003.14;;;17.02;72.63
17204;BME280;8718;57.178;-2.092;2019-06-02T11:39:28;99998.03;;;17.00;72.54
17204;BME280;8718;57.178;-2.092;2019-06-02T11:41:55;99996.70;;;17.00;72.54
17204;BME280;8718;57.178;-2.092;2019-06-02T11:44:21;99991.99;;;17.02;72.55
17204;BME280;8718;57.178;-2.092;2019-06-02T11:46:48;99985.80;;;17.09;72.55
17204;BME280;8718;57.178;-2.092;2019-06-02T11:49:15;99990.83;;;17.17;72.28
17204;BME280;8718;57.178;-2.092;2019-06-02T11:51:42;99985.67;;;17.22;71.65
17204;BME280;8718;57.178;-2.092;2019-06-02T11:54:08;99976.22;;;17.26;71.45
17204;BME280;8718;57.178;-2.092;2019-06-02T11:56:35;99964.64;;;17.30;71.41
17204;BME280;8718;57.178;-2.092;2019-06-02T11:59:02;99964.77;;;17.35;71.45
17204;BME280;8718;57.178;-2.092;2019-06-02T12:01:29;99975.05;;;17.40;71.30
17204;BME280;8718;57.178;-2.092;2019-06-02T12:03:55;99964.20;;;17.42;70.56
17204;BME280;8718;57.178;-2.092;2019-06-02T12:06:22;99959.16;;;17.43;70.57
17204;BME280;8718;57.178;-2.092;2019-06-02T12:08:49;99974.91;;;17.44;70.36
17204;BME280;8718;57.178;-2.092;2019-06-02T12:11:16;99965.53;;;17.42;69.84
17204;BME280;8718;57.178;-2.092;2019-06-02T12:13:43;99964.05;;;17.37;69.72
17204;BME280;8718;57.178;-2.092;2019-06-02T12:16:09;99953.25;;;17.32;69.87
17204;BME280;8718;57.178;-2.092;2019-06-02T12:18:36;99955.27;;;17.27;69.89
17204;BME280;8718;57.178;-2.092;2019-06-02T12:21:03;99961.52;;;17.23;70.12
17204;BME280;8718;57.178;-2.092;2019-06-02T12:23:29;99948.98;;;17.21;70.48
17204;BME280;8718;57.178;-2.092;2019-06-02T12:25:56;99944.99;;;17.21;70.67
17204;BME280;8718;57.178;-2.092;2019-06-02T12:28:23;99949.55;;;17.23;70.49
17204;BME280;8718;57.178;-2.092;2019-06-02T12:30:50;99963.37;;;17.23;70.19
17204;BME280;8718;57.178;-2.092;2019-06-02T12:33:16;99955.31;;;17.20;70.23
17204;BME280;8718;57.178;-2.092;2019-06-02T12:35:43;99960.06;;;17.18;70.18
17204;BME280;8718;57.178;-2.092;2019-06-02T12:38:10;99949.55;;;17.14;70.22
17204;BME280;8718;57.178;-2.092;2019-06-02T12:40:37;99943.55;;;17.10;70.19
17204;BME280;8718;57.178;-2.092;2019-06-02T12:43:03;99930.94;;;17.05;70.47
17204;BME280;8718;57.178;-2.092;2019-06-02T12:45:30;99933.73;;;17.01;70.51
17204;BME280;8718;57.178;-2.092;2019-06-02T12:47:57;99924.58;;;16.97;70.50
17204;BME280;8718;57.178;-2.092;2019-06-02T12:50:24;99918.06;;;16.93;70.80
17204;BME280;8718;57.178;-2.092;2019-06-02T12:52:50;99923.82;;;16.90;71.14
17204;BME280;8718;57.178;-2.092;2019-06-02T12:55:17;99920.59;;;16.88;71.24
17204;BME280;8718;57.178;-2.092;2019-06-02T12:57:44;99914.16;;;16.86;71.37
17204;BME280;8718;57.178;-2.092;2019-06-02T13:00:21;99918.45;;;16.87;71.75
17204;BME280;8718;57.178;-2.092;2019-06-02T13:02:39;99911.58;;;16.89;71.66
17204;BME280;8718;57.178;-2.092;2019-06-02T13:05:06;99912.70;;;16.90;71.62
17204;BME280;8718;57.178;-2.092;2019-06-02T13:07:33;99903.77;;;16.94;71.71
17204;BME280;8718;57.178;-2.092;2019-06-02T13:09:59;99902.87;;;17.00;71.97
17204;BME280;8718;57.178;-2.092;2019-06-02T13:12:26;99900.54;;;17.10;72.08
17204;BME280;8718;57.178;-2.092;2019-06-02T13:14:53;99894.48;;;17.21;71.80
17204;BME280;8718;57.178;-2.092;2019-06-02T13:17:21;99891.30;;;17.31;71.10
17204;BME280;8718;57.178;-2.092;2019-06-02T13:19:48;99876.12;;;17.41;71.00
17204;BME280;8718;57.178;-2.092;2019-06-02T13:22:15;99882.47;;;17.49;70.77
17204;BME280;8718;57.178;-2.092;2019-06-02T13:24:41;99881.88;;;17.56;70.33
17204;BME280;8718;57.178;-2.092;2019-06-02T13:27:08;99887.80;;;17.58;70.06
17204;BME280;8718;57.178;-2.092;2019-06-02T13:29:35;99879.06;;;17.60;70.06
17204;BME280;8718;57.178;-2.092;2019-06-02T13:32:02;99863.97;;;17.63;69.95
17204;BME280;8718;57.178;-2.092;2019-06-02T13:34:28;99866.77;;;17.68;69.90
17204;BME280;8718;57.178;-2.092;2019-06-02T13:36:55;99868.03;;;17.75;69.77
17204;BME280;8718;57.178;-2.092;2019-06-02T13:39:22;99857.91;;;17.84;69.57
17204;BME280;8718;57.178;-2.092;2019-06-02T13:41:49;99853.88;;;17.93;69.36
17204;BME280;8718;57.178;-2.092;2019-06-02T13:44:15;99846.44;;;18.04;69.05
17204;BME280;8718;57.178;-2.092;2019-06-02T13:46:42;99850.66;;;18.14;68.56
17204;BME280;8718;57.178;-2.092;2019-06-02T13:49:09;99847.45;;;18.24;68.15
17204;BME280;8718;57.178;-2.092;2019-06-02T13:51:35;99849.53;;;18.34;67.93
17204;BME280;8718;57.178;-2.092;2019-06-02T13:54:02;99842.60;;;18.45;67.89
17204;BME280;8718;57.178;-2.092;2019-06-02T13:56:29;99837.67;;;18.62;67.92
17204;BME280;8718;57.178;-2.092;2019-06-02T13:58:56;99838.22;;;18.86;67.45
17204;BME280;8718;57.178;-2.092;2019-06-02T14:01:23;99827.89;;;19.15;67.14
17204;BME280;8718;57.178;-2.092;2019-06-02T14:03:49;99831.25;;;19.51;66.26
17204;BME280;8718;57.178;-2.092;2019-06-02T14:06:16;99831.09;;;19.86;64.95
17204;BME280;8718;57.178;-2.092;2019-06-02T14:08:44;99825.68;;;20.15;63.34
17204;BME280;8718;57.178;-2.092;2019-06-02T14:11:11;99822.28;;;20.36;62.66
17204;BME280;8718;57.178;-2.092;2019-06-02T14:13:39;99822.86;;;20.55;61.97
17204;BME280;8718;57.178;-2.092;2019-06-02T14:16:07;99826.19;;;20.65;60.70
17204;BME280;8718;57.178;-2.092;2019-06-02T14:18:34;99817.11;;;20.66;60.14
17204;BME280;8718;57.178;-2.092;2019-06-02T14:21:01;99814.39;;;20.63;60.29
17204;BME280;8718;57.178;-2.092;2019-06-02T14:23:27;99813.78;;;20.56;59.74
17204;BME280;8718;57.178;-2.092;2019-06-02T14:25:54;99801.45;;;20.53;60.39
17204;BME280;8718;57.178;-2.092;2019-06-02T14:28:21;99792.44;;;20.59;60.63
17204;BME280;8718;57.178;-2.092;2019-06-02T14:30:47;99788.34;;;20.73;60.76
17204;BME280;8718;57.178;-2.092;2019-06-02T14:33:14;99767.97;;;20.92;60.35
17204;BME280;8718;57.178;-2.092;2019-06-02T14:35:41;99774.14;;;21.17;60.22
17204;BME280;8718;57.178;-2.092;2019-06-02T14:38:08;99769.34;;;21.41;59.92
17204;BME280;8718;57.178;-2.092;2019-06-02T14:40:34;99775.73;;;21.67;59.48
17204;BME280;8718;57.178;-2.092;2019-06-02T14:43:01;99775.92;;;21.90;58.08
17204;BME280;8718;57.178;-2.092;2019-06-02T14:45:28;99764.84;;;22.11;57.29
17204;BME280;8718;57.178;-2.092;2019-06-02T14:47:55;99769.27;;;22.30;56.48
17204;BME280;8718;57.178;-2.092;2019-06-02T14:50:23;99768.55;;;22.47;56.51
17204;BME280;8718;57.178;-2.092;2019-06-02T14:52:50;99775.05;;;22.61;55.55
17204;BME280;8718;57.178;-2.092;2019-06-02T14:55:16;99764.41;;;22.74;55.33
17204;BME280;8718;57.178;-2.092;2019-06-02T14:57:43;99758.81;;;22.86;54.69
17204;BME280;8718;57.178;-2.092;2019-06-02T15:00:10;99759.94;;;22.95;54.19
17204;BME280;8718;57.178;-2.092;2019-06-02T15:02:37;99757.55;;;23.04;53.90
17204;BME280;8718;57.178;-2.092;2019-06-02T15:05:05;99753.82;;;23.15;53.63
17204;BME280;8718;57.178;-2.092;2019-06-02T15:07:32;99765.39;;;23.26;53.73
17204;BME280;8718;57.178;-2.092;2019-06-02T15:09:59;99769.45;;;23.36;53.26
17204;BME280;8718;57.178;-2.092;2019-06-02T15:12:25;99753.34;;;23.46;52.85
17204;BME280;8718;57.178;-2.092;2019-06-02T15:14:52;99755.23;;;23.51;52.32
17204;BME280;8718;57.178;-2.092;2019-06-02T15:17:19;99747.44;;;23.54;51.55
17204;BME280;8718;57.178;-2.092;2019-06-02T15:19:45;99759.80;;;23.50;50.93
17204;BME280;8718;57.178;-2.092;2019-06-02T15:22:12;99757.37;;;23.36;51.42
17204;BME280;8718;57.178;-2.092;2019-06-02T15:24:39;99757.61;;;23.19;51.32
17204;BME280;8718;57.178;-2.092;2019-06-02T15:27:06;99752.72;;;23.03;52.11
17204;BME280;8718;57.178;-2.092;2019-06-02T15:29:32;99750.04;;;22.96;52.41
17204;BME280;8718;57.178;-2.092;2019-06-02T15:31:59;99743.00;;;22.92;52.65
17204;BME280;8718;57.178;-2.092;2019-06-02T15:34:27;99732.55;;;22.88;52.90
17204;BME280;8718;57.178;-2.092;2019-06-02T15:36:54;99736.28;;;22.90;53.06
17204;BME280;8718;57.178;-2.092;2019-06-02T15:39:21;99723.41;;;22.89;53.14
17204;BME280;8718;57.178;-2.092;2019-06-02T15:41:48;99719.69;;;22.90;53.13
17204;BME280;8718;57.178;-2.092;2019-06-02T15:44:14;99725.02;;;22.93;53.29
17204;BME280;8718;57.178;-2.092;2019-06-02T15:46:41;99710.32;;;22.98;53.18
17204;BME280;8718;57.178;-2.092;2019-06-02T15:49:08;99711.94;;;23.04;53.19
17204;BME280;8718;57.178;-2.092;2019-06-02T15:51:34;99717.60;;;23.07;52.25
17204;BME280;8718;57.178;-2.092;2019-06-02T15:54:01;99703.36;;;23.07;52.40
17204;BME280;8718;57.178;-2.092;2019-06-02T15:56:28;99709.02;;;23.11;52.55
17204;BME280;8718;57.178;-2.092;2019-06-02T15:58:55;99689.70;;;23.14;52.55
17204;BME280;8718;57.178;-2.092;2019-06-02T16:01:21;99697.47;;;23.15;52.42
17204;BME280;8718;57.178;-2.092;2019-06-02T16:03:48;99701.50;;;23.15;52.21
17204;BME280;8718;57.178;-2.092;2019-06-02T16:06:15;99680.86;;;23.13;52.18
17204;BME280;8718;57.178;-2.092;2019-06-02T16:08:42;99673.59;;;23.11;51.94
17204;BME280;8718;57.178;-2.092;2019-06-02T16:11:08;99690.22;;;23.05;51.76
17204;BME280;8718;57.178;-2.092;2019-06-02T16:13:35;99686.17;;;22.98;51.92
17204;BME280;8718;57.178;-2.092;2019-06-02T16:16:02;99692.03;;;22.90;51.88
17204;BME280;8718;57.178;-2.092;2019-06-02T16:18:29;99691.73;;;22.81;52.09
17204;BME280;8718;57.178;-2.092;2019-06-02T16:20:55;99667.30;;;22.70;52.16
17204;BME280;8718;57.178;-2.092;2019-06-02T16:23:22;99676.94;;;22.60;52.27
17204;BME280;8718;57.178;-2.092;2019-06-02T16:25:49;99677.72;;;22.51;52.57
17204;BME280;8718;57.178;-2.092;2019-06-02T16:28:16;99689.99;;;22.41;52.58
17204;BME280;8718;57.178;-2.092;2019-06-02T16:30:42;99686.20;;;22.32;53.08
17204;BME280;8718;57.178;-2.092;2019-06-02T16:33:09;99690.45;;;22.23;53.34
17204;BME280;8718;57.178;-2.092;2019-06-02T16:35:36;99692.77;;;22.12;53.65
17204;BME280;8718;57.178;-2.092;2019-06-02T16:38:02;99679.03;;;21.98;53.68
17204;BME280;8718;57.178;-2.092;2019-06-02T16:40:29;99698.22;;;21.85;54.03
17204;BME280;8718;57.178;-2.092;2019-06-02T16:42:56;99687.39;;;21.67;54.28
17204;BME280;8718;57.178;-2.092;2019-06-02T16:45:23;99708.41;;;21.50;54.65
17204;BME280;8718;57.178;-2.092;2019-06-02T16:47:49;99689.50;;;21.33;55.24
17204;BME280;8718;57.178;-2.092;2019-06-02T16:50:17;99684.52;;;21.17;55.73
17204;BME280;8718;57.178;-2.092;2019-06-02T16:52:44;99672.06;;;21.00;55.90
17204;BME280;8718;57.178;-2.092;2019-06-02T16:55:11;99665.44;;;20.78;56.44
17204;BME280;8718;57.178;-2.092;2019-06-02T16:57:38;99673.07;;;20.67;57.02
17204;BME280;8718;57.178;-2.092;2019-06-02T17:00:06;99664.63;;;20.53;57.29
17204;BME280;8718;57.178;-2.092;2019-06-02T17:02:33;99659.55;;;20.35;57.66
17204;BME280;8718;57.178;-2.092;2019-06-02T17:04:59;99654.56;;;20.19;58.20
17204;BME280;8718;57.178;-2.092;2019-06-02T17:07:26;99658.11;;;20.05;58.76
17204;BME280;8718;57.178;-2.092;2019-06-02T17:09:53;99655.83;;;19.94;59.10
17204;BME280;8718;57.178;-2.092;2019-06-02T17:12:20;99654.33;;;19.84;59.53
17204;BME280;8718;57.178;-2.092;2019-06-02T17:14:46;99650.77;;;19.76;59.75
17204;BME280;8718;57.178;-2.092;2019-06-02T17:17:13;99660.22;;;19.67;59.87
17204;BME280;8718;57.178;-2.092;2019-06-02T17:19:40;99657.66;;;19.58;59.64
17204;BME280;8718;57.178;-2.092;2019-06-02T17:22:06;99651.08;;;19.46;59.92
17204;BME280;8718;57.178;-2.092;2019-06-02T17:24:33;99649.61;;;19.38;60.30
17204;BME280;8718;57.178;-2.092;2019-06-02T17:27:00;99648.45;;;19.32;60.52
17204;BME280;8718;57.178;-2.092;2019-06-02T17:29:27;99648.08;;;19.25;60.36
17204;BME280;8718;57.178;-2.092;2019-06-02T17:31:54;99640.75;;;19.18;60.63
17204;BME280;8718;57.178;-2.092;2019-06-02T17:34:20;99635.58;;;19.12;60.62
17204;BME280;8718;57.178;-2.092;2019-06-02T17:36:47;99628.25;;;19.04;60.73
17204;BME280;8718;57.178;-2.092;2019-06-02T17:39:14;99636.94;;;18.97;60.67
17204;BME280;8718;57.178;-2.092;2019-06-02T17:41:41;99632.04;;;18.92;60.94
17204;BME280;8718;57.178;-2.092;2019-06-02T17:44:07;99619.90;;;18.84;61.06
17204;BME280;8718;57.178;-2.092;2019-06-02T17:46:34;99623.53;;;18.78;59.92
17204;BME280;8718;57.178;-2.092;2019-06-02T17:49:01;99626.02;;;18.70;60.00
17204;BME280;8718;57.178;-2.092;2019-06-02T17:51:28;99627.19;;;18.62;60.00
17204;BME280;8718;57.178;-2.092;2019-06-02T17:53:54;99623.34;;;18.56;59.65
17204;BME280;8718;57.178;-2.092;2019-06-02T17:56:21;99618.70;;;18.49;59.37
17204;BME280;8718;57.178;-2.092;2019-06-02T17:58:48;99621.48;;;18.42;58.85
17204;BME280;8718;57.178;-2.092;2019-06-02T18:01:15;99616.58;;;18.36;58.94
17204;BME280;8718;57.178;-2.092;2019-06-02T18:03:41;99613.80;;;18.31;59.15
17204;BME280;8718;57.178;-2.092;2019-06-02T18:06:08;99617.72;;;18.26;58.78
17204;BME280;8718;57.178;-2.092;2019-06-02T18:08:35;99610.43;;;18.22;58.96
17204;BME280;8718;57.178;-2.092;2019-06-02T18:11:02;99610.91;;;18.18;59.23
17204;BME280;8718;57.178;-2.092;2019-06-02T18:13:28;99614.56;;;18.15;59.04
17204;BME280;8718;57.178;-2.092;2019-06-02T18:15:57;99606.52;;;18.12;59.17
17204;BME280;8718;57.178;-2.092;2019-06-02T18:18:23;99605.36;;;18.08;59.25
17204;BME280;8718;57.178;-2.092;2019-06-02T18:20:50;99607.47;;;18.06;59.24
17204;BME280;8718;57.178;-2.092;2019-06-02T18:23:17;99600.98;;;18.02;59.01
17204;BME280;8718;57.178;-2.092;2019-06-02T18:25:44;99604.36;;;17.98;59.02
17204;BME280;8718;57.178;-2.092;2019-06-02T18:28:11;99594.68;;;17.94;59.01
17204;BME280;8718;57.178;-2.092;2019-06-02T18:30:38;99595.15;;;17.91;59.24
17204;BME280;8718;57.178;-2.092;2019-06-02T18:33:07;99592.69;;;17.87;59.34
17204;BME280;8718;57.178;-2.092;2019-06-02T18:35:35;99593.43;;;17.85;59.48
17204;BME280;8718;57.178;-2.092;2019-06-02T18:38:03;99585.11;;;17.81;59.50
17204;BME280;8718;57.178;-2.092;2019-06-02T18:40:30;99589.84;;;17.79;59.14
17204;BME280;8718;57.178;-2.092;2019-06-02T18:42:58;99585.19;;;17.74;58.62
17204;BME280;8718;57.178;-2.092;2019-06-02T18:45:25;99593.62;;;17.71;58.99
17204;BME280;8718;57.178;-2.092;2019-06-02T18:47:55;99580.00;;;17.68;59.13
17204;BME280;8718;57.178;-2.092;2019-06-02T18:50:23;99578.61;;;17.65;59.50
17204;BME280;8718;57.178;-2.092;2019-06-02T18:52:49;99583.06;;;17.62;59.57
17204;BME280;8718;57.178;-2.092;2019-06-02T18:55:16;99582.73;;;17.59;59.80
17204;BME280;8718;57.178;-2.092;2019-06-02T18:57:43;99580.47;;;17.53;59.90
17204;BME280;8718;57.178;-2.092;2019-06-02T19:00:10;99573.70;;;17.48;59.82
17204;BME280;8718;57.178;-2.092;2019-06-02T19:02:36;99581.87;;;17.44;60.15
17204;BME280;8718;57.178;-2.092;2019-06-02T19:05:05;99587.59;;;17.38;60.28
17204;BME280;8718;57.178;-2.092;2019-06-02T19:07:39;99581.62;;;17.34;60.59
17204;BME280;8718;57.178;-2.092;2019-06-02T19:10:07;99583.41;;;17.31;60.59
17204;BME280;8718;57.178;-2.092;2019-06-02T19:12:34;99589.93;;;17.25;60.73
17204;BME280;8718;57.178;-2.092;2019-06-02T19:15:00;99592.18;;;17.19;61.05
17204;BME280;8718;57.178;-2.092;2019-06-02T19:17:27;99592.64;;;17.16;61.27
17204;BME280;8718;57.178;-2.092;2019-06-02T19:19:54;99597.30;;;17.12;61.49
17204;BME280;8718;57.178;-2.092;2019-06-02T19:22:21;99595.34;;;17.07;61.73
17204;BME280;8718;57.178;-2.092;2019-06-02T19:24:47;99588.85;;;17.03;61.76
17204;BME280;8718;57.178;-2.092;2019-06-02T19:27:14;99594.63;;;17.00;61.92
17204;BME280;8718;57.178;-2.092;2019-06-02T19:29:41;99596.63;;;16.95;62.23
17204;BME280;8718;57.178;-2.092;2019-06-02T19:32:08;99590.37;;;16.90;62.13
17204;BME280;8718;57.178;-2.092;2019-06-02T19:34:34;99595.58;;;16.85;62.15
17204;BME280;8718;57.178;-2.092;2019-06-02T19:37:01;99589.82;;;16.78;62.41
17204;BME280;8718;57.178;-2.092;2019-06-02T19:39:28;99589.16;;;16.74;62.82
17204;BME280;8718;57.178;-2.092;2019-06-02T19:41:55;99583.19;;;16.69;62.96
17204;BME280;8718;57.178;-2.092;2019-06-02T19:44:21;99591.33;;;16.65;62.76
17204;BME280;8718;57.178;-2.092;2019-06-02T19:46:48;99578.95;;;16.59;63.02
17204;BME280;8718;57.178;-2.092;2019-06-02T19:49:15;99581.16;;;16.53;63.23
17204;BME280;8718;57.178;-2.092;2019-06-02T19:51:42;99585.52;;;16.47;63.56
17204;BME280;8718;57.178;-2.092;2019-06-02T19:54:08;99587.02;;;16.43;63.44
17204;BME280;8718;57.178;-2.092;2019-06-02T19:56:36;99576.98;;;16.36;63.61
17204;BME280;8718;57.178;-2.092;2019-06-02T19:59:03;99569.92;;;16.30;63.62
17204;BME280;8718;57.178;-2.092;2019-06-02T20:01:30;99566.31;;;16.24;63.91
17204;BME280;8718;57.178;-2.092;2019-06-02T20:03:57;99568.26;;;16.17;64.17
17204;BME280;8718;57.178;-2.092;2019-06-02T20:06:23;99570.17;;;16.10;64.32
17204;BME280;8718;57.178;-2.092;2019-06-02T20:08:50;99564.70;;;16.05;64.46
17204;BME280;8718;57.178;-2.092;2019-06-02T20:11:17;99551.53;;;15.98;64.66
17204;BME280;8718;57.178;-2.092;2019-06-02T20:13:44;99557.94;;;15.90;64.95
17204;BME280;8718;57.178;-2.092;2019-06-02T20:16:10;99555.16;;;15.85;65.14
17204;BME280;8718;57.178;-2.092;2019-06-02T20:18:37;99567.67;;;15.78;65.32
17204;BME280;8718;57.178;-2.092;2019-06-02T20:21:04;99562.21;;;15.73;65.45
17204;BME280;8718;57.178;-2.092;2019-06-02T20:23:31;99567.67;;;15.69;65.80
17204;BME280;8718;57.178;-2.092;2019-06-02T20:25:58;99557.40;;;15.63;65.58
17204;BME280;8718;57.178;-2.092;2019-06-02T20:28:24;99566.95;;;15.55;65.78
17204;BME280;8718;57.178;-2.092;2019-06-02T20:30:51;99563.86;;;15.49;66.12
17204;BME280;8718;57.178;-2.092;2019-06-02T20:33:18;99555.02;;;15.46;66.39
17204;BME280;8718;57.178;-2.092;2019-06-02T20:35:45;99553.09;;;15.44;66.21
17204;BME280;8718;57.178;-2.092;2019-06-02T20:38:11;99555.38;;;15.40;66.18
17204;BME280;8718;57.178;-2.092;2019-06-02T20:40:38;99559.20;;;15.35;66.05
17204;BME280;8718;57.178;-2.092;2019-06-02T20:43:05;99564.33;;;15.30;66.28
17204;BME280;8718;57.178;-2.092;2019-06-02T20:45:31;99569.46;;;15.25;66.47
17204;BME280;8718;57.178;-2.092;2019-06-02T20:47:58;99566.24;;;15.23;66.61
17204;BME280;8718;57.178;-2.092;2019-06-02T20:50:25;99574.02;;;15.18;66.69
17204;BME280;8718;57.178;-2.092;2019-06-02T20:52:52;99569.16;;;15.15;66.76
17204;BME280;8718;57.178;-2.092;2019-06-02T20:55:18;99563.77;;;15.12;67.02
17204;BME280;8718;57.178;-2.092;2019-06-02T20:57:45;99558.67;;;15.11;67.06
17204;BME280;8718;57.178;-2.092;2019-06-02T21:00:12;99572.64;;;15.09;67.13
17204;BME280;8718;57.178;-2.092;2019-06-02T21:02:39;99581.02;;;15.05;66.96
17204;BME280;8718;57.178;-2.092;2019-06-02T21:05:06;99574.84;;;15.02;67.01
17204;BME280;8718;57.178;-2.092;2019-06-02T21:07:33;99588.00;;;15.00;67.03
17204;BME280;8718;57.178;-2.092;2019-06-02T21:10:00;99578.87;;;14.96;67.03
17204;BME280;8718;57.178;-2.092;2019-06-02T21:12:27;99581.14;;;14.92;67.04
17204;BME280;8718;57.178;-2.092;2019-06-02T21:14:54;99583.09;;;14.88;67.15
17204;BME280;8718;57.178;-2.092;2019-06-02T21:17:20;99561.22;;;14.83;67.21
17204;BME280;8718;57.178;-2.092;2019-06-02T21:19:47;99567.98;;;14.79;67.17
17204;BME280;8718;57.178;-2.092;2019-06-02T21:22:14;99564.44;;;14.76;67.22
17204;BME280;8718;57.178;-2.092;2019-06-02T21:24:41;99567.52;;;14.73;67.04
17204;BME280;8718;57.178;-2.092;2019-06-02T21:27:07;99560.20;;;14.68;67.18
17204;BME280;8718;57.178;-2.092;2019-06-02T21:29:34;99558.50;;;14.65;67.22
17204;BME280;8718;57.178;-2.092;2019-06-02T21:32:01;99557.61;;;14.62;67.47
17204;BME280;8718;57.178;-2.092;2019-06-02T21:34:28;99557.28;;;14.60;67.05
17204;BME280;8718;57.178;-2.092;2019-06-02T21:36:54;99568.30;;;14.57;67.34
17204;BME280;8718;57.178;-2.092;2019-06-02T21:39:21;99553.59;;;14.52;67.04
17204;BME280;8718;57.178;-2.092;2019-06-02T21:41:48;99557.45;;;14.50;67.04
17204;BME280;8718;57.178;-2.092;2019-06-02T21:44:15;99556.23;;;14.46;67.21
17204;BME280;8718;57.178;-2.092;2019-06-02T21:46:42;99573.66;;;14.44;67.25
17204;BME280;8718;57.178;-2.092;2019-06-02T21:49:08;99555.23;;;14.40;66.91
17204;BME280;8718;57.178;-2.092;2019-06-02T21:51:35;99554.25;;;14.34;66.87
17204;BME280;8718;57.178;-2.092;2019-06-02T21:54:02;99563.84;;;14.29;66.75
17204;BME280;8718;57.178;-2.092;2019-06-02T21:56:29;99561.52;;;14.23;66.94
17204;BME280;8718;57.178;-2.092;2019-06-02T21:58:56;99564.20;;;14.17;67.09
17204;BME280;8718;57.178;-2.092;2019-06-02T22:01:24;99557.21;;;14.13;67.53
17204;BME280;8718;57.178;-2.092;2019-06-02T22:03:51;99559.53;;;14.12;67.55
17204;BME280;8718;57.178;-2.092;2019-06-02T22:06:18;99557.83;;;14.08;67.42
17204;BME280;8718;57.178;-2.092;2019-06-02T22:08:45;99556.83;;;14.03;67.57
17204;BME280;8718;57.178;-2.092;2019-06-02T22:11:12;99541.09;;;13.99;67.91
17204;BME280;8718;57.178;-2.092;2019-06-02T22:13:39;99533.06;;;13.96;68.06
17204;BME280;8718;57.178;-2.092;2019-06-02T22:16:05;99531.42;;;13.95;68.31
17204;BME280;8718;57.178;-2.092;2019-06-02T22:18:32;99518.42;;;13.93;68.16
17204;BME280;8718;57.178;-2.092;2019-06-02T22:20:59;99518.05;;;13.90;68.13
17204;BME280;8718;57.178;-2.092;2019-06-02T22:23:26;99516.53;;;13.85;68.13
17204;BME280;8718;57.178;-2.092;2019-06-02T22:25:52;99512.98;;;13.82;68.20
17204;BME280;8718;57.178;-2.092;2019-06-02T22:28:19;99509.12;;;13.78;68.21
17204;BME280;8718;57.178;-2.092;2019-06-02T22:30:46;99512.41;;;13.73;68.29
17204;BME280;8718;57.178;-2.092;2019-06-02T22:33:13;99520.66;;;13.67;68.41
17204;BME280;8718;57.178;-2.092;2019-06-02T22:35:40;99502.05;;;13.65;68.57
17204;BME280;8718;57.178;-2.092;2019-06-02T22:38:06;99495.87;;;13.62;68.62
17204;BME280;8718;57.178;-2.092;2019-06-02T22:40:33;99505.53;;;13.59;68.74
17204;BME280;8718;57.178;-2.092;2019-06-02T22:43:00;99502.47;;;13.55;68.81
17204;BME280;8718;57.178;-2.092;2019-06-02T22:45:33;99506.85;;;13.52;68.76
17204;BME280;8718;57.178;-2.092;2019-06-02T22:48:04;99503.82;;;13.48;68.68
17204;BME280;8718;57.178;-2.092;2019-06-02T22:50:28;99506.07;;;13.45;68.81
17204;BME280;8718;57.178;-2.092;2019-06-02T22:52:55;99507.07;;;13.44;69.04
17204;BME280;8718;57.178;-2.092;2019-06-02T22:55:24;99500.08;;;13.40;69.06
17204;BME280;8718;57.178;-2.092;2019-06-02T22:57:50;99509.73;;;13.37;69.16
17204;BME280;8718;57.178;-2.092;2019-06-02T23:00:35;99506.99;;;13.35;69.41
17204;BME280;8718;57.178;-2.092;2019-06-02T23:02:49;99504.55;;;13.33;69.63
17204;BME280;8718;57.178;-2.092;2019-06-02T23:05:16;99501.00;;;13.30;69.59
17204;BME280;8718;57.178;-2.092;2019-06-02T23:07:42;99505.69;;;13.28;69.79
17204;BME280;8718;57.178;-2.092;2019-06-02T23:10:09;99516.16;;;13.25;69.99
17204;BME280;8718;57.178;-2.092;2019-06-02T23:12:36;99506.56;;;13.24;69.90
17204;BME280;8718;57.178;-2.092;2019-06-02T23:15:03;99507.08;;;13.24;70.06
17204;BME280;8718;57.178;-2.092;2019-06-02T23:17:30;99503.33;;;13.22;69.95
17204;BME280;8718;57.178;-2.092;2019-06-02T23:19:57;99507.48;;;13.21;69.98
17204;BME280;8718;57.178;-2.092;2019-06-02T23:22:24;99501.91;;;13.20;69.99
17204;BME280;8718;57.178;-2.092;2019-06-02T23:24:51;99489.70;;;13.19;70.03
17204;BME280;8718;57.178;-2.092;2019-06-02T23:27:19;99488.80;;;13.16;69.93
17204;BME280;8718;57.178;-2.092;2019-06-02T23:29:46;99484.55;;;13.15;70.03
17204;BME280;8718;57.178;-2.092;2019-06-02T23:32:13;99500.91;;;13.14;70.01
17204;BME280;8718;57.178;-2.092;2019-06-02T23:34:40;99497.94;;;13.13;70.01
17204;BME280;8718;57.178;-2.092;2019-06-02T23:37:06;99489.02;;;13.14;70.09
17204;BME280;8718;57.178;-2.092;2019-06-02T23:39:33;99481.09;;;13.14;69.80
17204;BME280;8718;57.178;-2.092;2019-06-02T23:42:00;99495.30;;;13.13;69.79
17204;BME280;8718;57.178;-2.092;2019-06-02T23:44:26;99487.30;;;13.11;69.77
17204;BME280;8718;57.178;-2.092;2019-06-02T23:46:53;99490.42;;;13.10;69.79
17204;BME280;8718;57.178;-2.092;2019-06-02T23:49:20;99473.48;;;13.09;69.93
17204;BME280;8718;57.178;-2.092;2019-06-02T23:51:46;99468.20;;;13.09;69.83
17204;BME280;8718;57.178;-2.092;2019-06-02T23:54:13;99485.05;;;13.08;69.88
17204;BME280;8718;57.178;-2.092;2019-06-02T23:56:40;99462.11;;;13.08;69.91
17204;BME280;8718;57.178;-2.092;2019-06-02T23:59:07;99456.00;;;13.08;69.77
